source,date,month,day_of_month,days_in_month,day_weight,pacing_pct_mtd,target_spend_day,target_spend_mtd,actual_spend_day,actual_spend_mtd,spend_var_pct_mtd,target_leads_day,target_leads_mtd,actual_leads_day,actual_leads_mtd,lead_var_pct_mtd,target_appointments_day,target_appointments_mtd,actual_appointments_day,actual_appointments_mtd,appointment_var_pct_mtd,target_demos_day,target_demos_mtd,actual_demos_day,actual_demos_mtd,demo_var_pct_mtd,target_enrollments_day,target_enrollments_mtd,actual_enrollments_day,actual_enrollments_mtd,enrollment_var_pct_mtd,target_cpl_month,target_cpl_mtd_implied,actual_cpl_mtd,cpl_var_pct_mtd,notes
Google,2026-03-01,Mar 26,1,31,0.032258,0.032258,176211.23,176211.23,,,,411.5068,411.5068,,,,25.719,25.719,,,,10.2877,10.2877,,,,3.0865,3.0865,,,,428.21,428.21,,,
Google,2026-03-02,Mar 26,2,31,0.032258,0.064516,176211.23,352422.46,,,,411.5068,823.0135,,,,25.719,51.4381,,,,10.2877,20.5755,,,,3.0865,6.1729,,,,428.21,428.21,,,
Google,2026-03-03,Mar 26,3,31,0.032258,0.096774,176211.23,528633.69,,,,411.5068,1234.5203,,,,25.719,77.1571,,,,10.2877,30.8632,,,,3.0865,9.2594,,,,428.21,428.21,,,
Google,2026-03-04,Mar 26,4,31,0.032258,0.129032,176211.23,704844.92,,,,411.5068,1646.0271,,,,25.719,102.8761,,,,10.2877,41.151,,,,3.0865,12.3458,,,,428.21,428.21,,,
Google,2026-03-05,Mar 26,5,31,0.032258,0.16129,176211.23,881056.15,,,,411.5068,2057.5339,,,,25.719,128.5952,,,,10.2877,51.4387,,,,3.0865,15.4323,,,,428.21,428.21,,,
Google,2026-03-06,Mar 26,6,31,0.032258,0.193548,176211.23,1057267.38,,,,411.5068,2469.0406,,,,25.719,154.3142,,,,10.2877,61.7265,,,,3.0865,18.5187,,,,428.21,428.21,,,
Google,2026-03-07,Mar 26,7,31,0.032258,0.225806,176211.23,1233478.61,,,,411.5068,2880.5474,,,,25.719,180.0332,,,,10.2877,72.0142,,,,3.0865,21.6052,,,,428.21,428.21,,,
Google,2026-03-08,Mar 26,8,31,0.032258,0.258065,176211.23,1409689.84,,,,411.5068,3292.0542,,,,25.719,205.7523,,,,10.2877,82.3019,,,,3.0865,24.6916,,,,428.21,428.21,,,
Google,2026-03-09,Mar 26,9,31,0.032258,0.290323,176211.23,1585901.07,,,,411.5068,3703.561,,,,25.719,231.4713,,,,10.2877,92.5897,,,,3.0865,27.7781,,,,428.21,428.21,,,
Google,2026-03-10,Mar 26,10,31,0.032258,0.322581,176211.23,1762112.3,,,,411.5068,4115.0677,,,,25.719,257.1903,,,,10.2877,102.8774,,,,3.0865,30.8645,,,,428.21,428.21,,,
Google,2026-03-11,Mar 26,11,31,0.032258,0.354839,176211.23,1938323.53,,,,411.5068,4526.5745,,,,25.719,282.9094,,,,10.2877,113.1652,,,,3.0865,33.951,,,,428.21,428.21,,,
Google,2026-03-12,Mar 26,12,31,0.032258,0.387097,176211.23,2114534.76,,,,411.5068,4938.0813,,,,25.719,308.6284,,,,10.2877,123.4529,,,,3.0865,37.0374,,,,428.21,428.21,,,
Google,2026-03-13,Mar 26,13,31,0.032258,0.419355,176211.23,2290745.99,,,,411.5068,5349.5881,,,,25.719,334.3474,,,,10.2877,133.7406,,,,3.0865,40.1239,,,,428.21,428.21,,,
Google,2026-03-14,Mar 26,14,31,0.032258,0.451613,176211.23,2466957.22,,,,411.5068,5761.0948,,,,25.719,360.0665,,,,10.2877,144.0284,,,,3.0865,43.2103,,,,428.21,428.21,,,
Google,2026-03-15,Mar 26,15,31,0.032258,0.483871,176211.23,2643168.45,,,,411.5068,6172.6016,,,,25.719,385.7855,,,,10.2877,154.3161,,,,3.0865,46.2968,,,,428.21,428.21,,,
Google,2026-03-16,Mar 26,16,31,0.032258,0.516129,176211.23,2819379.67,,,,411.5068,6584.1084,,,,25.719,411.5045,,,,10.2877,164.6039,,,,3.0865,49.3832,,,,428.21,428.21,,,
Google,2026-03-17,Mar 26,17,31,0.032258,0.548387,176211.23,2995590.9,,,,411.5068,6995.6152,,,,25.719,437.2235,,,,10.2877,174.8916,,,,3.0865,52.4697,,,,428.21,428.21,,,
Google,2026-03-18,Mar 26,18,31,0.032258,0.580645,176211.23,3171802.13,,,,411.5068,7407.1219,,,,25.719,462.9426,,,,10.2877,185.1794,,,,3.0865,55.5561,,,,428.21,428.21,,,
Google,2026-03-19,Mar 26,19,31,0.032258,0.612903,176211.23,3348013.36,,,,411.5068,7818.6287,,,,25.719,488.6616,,,,10.2877,195.4671,,,,3.0865,58.6426,,,,428.21,428.21,,,
Google,2026-03-20,Mar 26,20,31,0.032258,0.645161,176211.23,3524224.59,,,,411.5068,8230.1355,,,,25.719,514.3806,,,,10.2877,205.7548,,,,3.0865,61.729,,,,428.21,428.21,,,
Google,2026-03-21,Mar 26,21,31,0.032258,0.677419,176211.23,3700435.82,,,,411.5068,8641.6423,,,,25.719,540.0997,,,,10.2877,216.0426,,,,3.0865,64.8155,,,,428.21,428.21,,,
Google,2026-03-22,Mar 26,22,31,0.032258,0.709677,176211.23,3876647.05,,,,411.5068,9053.149,,,,25.719,565.8187,,,,10.2877,226.3303,,,,3.0865,67.9019,,,,428.21,428.21,,,
Google,2026-03-23,Mar 26,23,31,0.032258,0.741935,176211.23,4052858.28,,,,411.5068,9464.6558,,,,25.719,591.5377,,,,10.2877,236.6181,,,,3.0865,70.9884,,,,428.21,428.21,,,
Google,2026-03-24,Mar 26,24,31,0.032258,0.774194,176211.23,4229069.51,,,,411.5068,9876.1626,,,,25.719,617.2568,,,,10.2877,246.9058,,,,3.0865,74.0748,,,,428.21,428.21,,,
Google,2026-03-25,Mar 26,25,31,0.032258,0.806452,176211.23,4405280.74,,,,411.5068,10287.6694,,,,25.719,642.9758,,,,10.2877,257.1935,,,,3.0865,77.1613,,,,428.21,428.21,,,
Google,2026-03-26,Mar 26,26,31,0.032258,0.83871,176211.23,4581491.97,,,,411.5068,10699.1761,,,,25.719,668.6948,,,,10.2877,267.4813,,,,3.0865,80.2477,,,,428.21,428.21,,,
Google,2026-03-27,Mar 26,27,31,0.032258,0.870968,176211.23,4757703.2,,,,411.5068,11110.6829,,,,25.719,694.4139,,,,10.2877,277.769,,,,3.0865,83.3342,,,,428.21,428.21,,,
Google,2026-03-28,Mar 26,28,31,0.032258,0.903226,176211.23,4933914.43,,,,411.5068,11522.1897,,,,25.719,720.1329,,,,10.2877,288.0568,,,,3.0865,86.4206,,,,428.21,428.21,,,
Google,2026-03-29,Mar 26,29,31,0.032258,0.935484,176211.23,5110125.66,,,,411.5068,11933.6965,,,,25.719,745.8519,,,,10.2877,298.3445,,,,3.0865,89.5071,,,,428.21,428.21,,,
Google,2026-03-30,Mar 26,30,31,0.032258,0.967742,176211.23,5286336.89,,,,411.5068,12345.2032,,,,25.719,771.571,,,,10.2877,308.6323,,,,3.0865,92.5935,,,,428.21,428.21,,,
Google,2026-03-31,Mar 26,31,31,0.032258,1.0,176211.23,5462548.12,,,,411.5068,12756.71,,,,25.719,797.29,,,,10.2877,318.92,,,,3.0865,95.68,,,,428.21,428.21,,,
Meta,2026-03-01,Mar 26,1,31,0.032258,0.032258,176211.23,176211.23,,,,617.26,617.26,,,,25.719,25.719,,,,10.2877,10.2877,,,,3.0865,3.0865,,,,285.47,285.47,,,
Meta,2026-03-02,Mar 26,2,31,0.032258,0.064516,176211.23,352422.46,,,,617.26,1234.52,,,,25.719,51.4381,,,,10.2877,20.5755,,,,3.0865,6.1729,,,,285.47,285.47,,,
Meta,2026-03-03,Mar 26,3,31,0.032258,0.096774,176211.23,528633.69,,,,617.26,1851.78,,,,25.719,77.1571,,,,10.2877,30.8632,,,,3.0865,9.2594,,,,285.47,285.47,,,
Meta,2026-03-04,Mar 26,4,31,0.032258,0.129032,176211.23,704844.92,,,,617.26,2469.04,,,,25.719,102.8761,,,,10.2877,41.151,,,,3.0865,12.3458,,,,285.47,285.47,,,
Meta,2026-03-05,Mar 26,5,31,0.032258,0.16129,176211.23,881056.15,,,,617.26,3086.3,,,,25.719,128.5952,,,,10.2877,51.4387,,,,3.0865,15.4323,,,,285.47,285.47,,,
Meta,2026-03-06,Mar 26,6,31,0.032258,0.193548,176211.23,1057267.38,,,,617.26,3703.56,,,,25.719,154.3142,,,,10.2877,61.7265,,,,3.0865,18.5187,,,,285.47,285.47,,,
Meta,2026-03-07,Mar 26,7,31,0.032258,0.225806,176211.23,1233478.61,,,,617.26,4320.82,,,,25.719,180.0332,,,,10.2877,72.0142,,,,3.0865,21.6052,,,,285.47,285.47,,,
Meta,2026-03-08,Mar 26,8,31,0.032258,0.258065,176211.23,1409689.84,,,,617.26,4938.08,,,,25.719,205.7523,,,,10.2877,82.3019,,,,3.0865,24.6916,,,,285.47,285.47,,,
Meta,2026-03-09,Mar 26,9,31,0.032258,0.290323,176211.23,1585901.07,,,,617.26,5555.34,,,,25.719,231.4713,,,,10.2877,92.5897,,,,3.0865,27.7781,,,,285.47,285.47,,,
Meta,2026-03-10,Mar 26,10,31,0.032258,0.322581,176211.23,1762112.3,,,,617.26,6172.6,,,,25.719,257.1903,,,,10.2877,102.8774,,,,3.0865,30.8645,,,,285.47,285.47,,,
Meta,2026-03-11,Mar 26,11,31,0.032258,0.354839,176211.23,1938323.53,,,,617.26,6789.86,,,,25.719,282.9094,,,,10.2877,113.1652,,,,3.0865,33.951,,,,285.47,285.47,,,
Meta,2026-03-12,Mar 26,12,31,0.032258,0.387097,176211.23,2114534.76,,,,617.26,7407.12,,,,25.719,308.6284,,,,10.2877,123.4529,,,,3.0865,37.0374,,,,285.47,285.47,,,
Meta,2026-03-13,Mar 26,13,31,0.032258,0.419355,176211.23,2290745.99,,,,617.26,8024.38,,,,25.719,334.3474,,,,10.2877,133.7406,,,,3.0865,40.1239,,,,285.47,285.47,,,
Meta,2026-03-14,Mar 26,14,31,0.032258,0.451613,176211.23,2466957.22,,,,617.26,8641.64,,,,25.719,360.0665,,,,10.2877,144.0284,,,,3.0865,43.2103,,,,285.47,285.47,,,
Meta,2026-03-15,Mar 26,15,31,0.032258,0.483871,176211.23,2643168.45,,,,617.26,9258.9,,,,25.719,385.7855,,,,10.2877,154.3161,,,,3.0865,46.2968,,,,285.47,285.47,,,
Meta,2026-03-16,Mar 26,16,31,0.032258,0.516129,176211.23,2819379.67,,,,617.26,9876.16,,,,25.719,411.5045,,,,10.2877,164.6039,,,,3.0865,49.3832,,,,285.47,285.47,,,
Meta,2026-03-17,Mar 26,17,31,0.032258,0.548387,176211.23,2995590.9,,,,617.26,10493.42,,,,25.719,437.2235,,,,10.2877,174.8916,,,,3.0865,52.4697,,,,285.47,285.47,,,
Meta,2026-03-18,Mar 26,18,31,0.032258,0.580645,176211.23,3171802.13,,,,617.26,11110.68,,,,25.719,462.9426,,,,10.2877,185.1794,,,,3.0865,55.5561,,,,285.47,285.47,,,
Meta,2026-03-19,Mar 26,19,31,0.032258,0.612903,176211.23,3348013.36,,,,617.26,11727.94,,,,25.719,488.6616,,,,10.2877,195.4671,,,,3.0865,58.6426,,,,285.47,285.47,,,
Meta,2026-03-20,Mar 26,20,31,0.032258,0.645161,176211.23,3524224.59,,,,617.26,12345.2,,,,25.719,514.3806,,,,10.2877,205.7548,,,,3.0865,61.729,,,,285.47,285.47,,,
Meta,2026-03-21,Mar 26,21,31,0.032258,0.677419,176211.23,3700435.82,,,,617.26,12962.46,,,,25.719,540.0997,,,,10.2877,216.0426,,,,3.0865,64.8155,,,,285.47,285.47,,,
Meta,2026-03-22,Mar 26,22,31,0.032258,0.709677,176211.23,3876647.05,,,,617.26,13579.72,,,,25.719,565.8187,,,,10.2877,226.3303,,,,3.0865,67.9019,,,,285.47,285.47,,,
Meta,2026-03-23,Mar 26,23,31,0.032258,0.741935,176211.23,4052858.28,,,,617.26,14196.98,,,,25.719,591.5377,,,,10.2877,236.6181,,,,3.0865,70.9884,,,,285.47,285.47,,,
Meta,2026-03-24,Mar 26,24,31,0.032258,0.774194,176211.23,4229069.51,,,,617.26,14814.24,,,,25.719,617.2568,,,,10.2877,246.9058,,,,3.0865,74.0748,,,,285.47,285.47,,,
Meta,2026-03-25,Mar 26,25,31,0.032258,0.806452,176211.23,4405280.74,,,,617.26,15431.5,,,,25.719,642.9758,,,,10.2877,257.1935,,,,3.0865,77.1613,,,,285.47,285.47,,,
Meta,2026-03-26,Mar 26,26,31,0.032258,0.83871,176211.23,4581491.97,,,,617.26,16048.76,,,,25.719,668.6948,,,,10.2877,267.4813,,,,3.0865,80.2477,,,,285.47,285.47,,,
Meta,2026-03-27,Mar 26,27,31,0.032258,0.870968,176211.23,4757703.2,,,,617.26,16666.02,,,,25.719,694.4139,,,,10.2877,277.769,,,,3.0865,83.3342,,,,285.47,285.47,,,
Meta,2026-03-28,Mar 26,28,31,0.032258,0.903226,176211.23,4933914.43,,,,617.26,17283.28,,,,25.719,720.1329,,,,10.2877,288.0568,,,,3.0865,86.4206,,,,285.47,285.47,,,
Meta,2026-03-29,Mar 26,29,31,0.032258,0.935484,176211.23,5110125.66,,,,617.26,17900.54,,,,25.719,745.8519,,,,10.2877,298.3445,,,,3.0865,89.5071,,,,285.47,285.47,,,
Meta,2026-03-30,Mar 26,30,31,0.032258,0.967742,176211.23,5286336.89,,,,617.26,18517.8,,,,25.719,771.571,,,,10.2877,308.6323,,,,3.0865,92.5935,,,,285.47,285.47,,,
Meta,2026-03-31,Mar 26,31,31,0.032258,1.0,176211.23,5462548.12,,,,617.26,19135.06,,,,25.719,797.29,,,,10.2877,318.92,,,,3.0865,95.68,,,,285.47,285.47,,,
Google,2026-04-01,Apr 26,1,30,0.033333,0.033333,201672.95,201672.95,,,,445.6817,445.6817,,,,27.855,27.855,,,,11.142,11.142,,,,3.3427,3.3427,,,,452.5,452.5,,,
Google,2026-04-02,Apr 26,2,30,0.033333,0.066667,201672.95,403345.89,,,,445.6817,891.3633,,,,27.855,55.71,,,,11.142,22.284,,,,3.3427,6.6853,,,,452.5,452.5,,,
Google,2026-04-03,Apr 26,3,30,0.033333,0.1,201672.95,605018.84,,,,445.6817,1337.045,,,,27.855,83.565,,,,11.142,33.426,,,,3.3427,10.028,,,,452.5,452.5,,,
Google,2026-04-04,Apr 26,4,30,0.033333,0.133333,201672.95,806691.78,,,,445.6817,1782.7267,,,,27.855,111.42,,,,11.142,44.568,,,,3.3427,13.3707,,,,452.5,452.5,,,
Google,2026-04-05,Apr 26,5,30,0.033333,0.166667,201672.95,1008364.73,,,,445.6817,2228.4083,,,,27.855,139.275,,,,11.142,55.71,,,,3.3427,16.7133,,,,452.5,452.5,,,
Google,2026-04-06,Apr 26,6,30,0.033333,0.2,201672.95,1210037.67,,,,445.6817,2674.09,,,,27.855,167.13,,,,11.142,66.852,,,,3.3427,20.056,,,,452.5,452.5,,,
Google,2026-04-07,Apr 26,7,30,0.033333,0.233333,201672.95,1411710.62,,,,445.6817,3119.7717,,,,27.855,194.985,,,,11.142,77.994,,,,3.3427,23.3987,,,,452.5,452.5,,,
Google,2026-04-08,Apr 26,8,30,0.033333,0.266667,201672.95,1613383.57,,,,445.6817,3565.4533,,,,27.855,222.84,,,,11.142,89.136,,,,3.3427,26.7413,,,,452.5,452.5,,,
Google,2026-04-09,Apr 26,9,30,0.033333,0.3,201672.95,1815056.51,,,,445.6817,4011.135,,,,27.855,250.695,,,,11.142,100.278,,,,3.3427,30.084,,,,452.5,452.5,,,
Google,2026-04-10,Apr 26,10,30,0.033333,0.333333,201672.95,2016729.46,,,,445.6817,4456.8167,,,,27.855,278.55,,,,11.142,111.42,,,,3.3427,33.4267,,,,452.5,452.5,,,
Google,2026-04-11,Apr 26,11,30,0.033333,0.366667,201672.95,2218402.4,,,,445.6817,4902.4983,,,,27.855,306.405,,,,11.142,122.562,,,,3.3427,36.7693,,,,452.5,452.5,,,
Google,2026-04-12,Apr 26,12,30,0.033333,0.4,201672.95,2420075.35,,,,445.6817,5348.18,,,,27.855,334.26,,,,11.142,133.704,,,,3.3427,40.112,,,,452.5,452.5,,,
Google,2026-04-13,Apr 26,13,30,0.033333,0.433333,201672.95,2621748.29,,,,445.6817,5793.8617,,,,27.855,362.115,,,,11.142,144.846,,,,3.3427,43.4547,,,,452.5,452.5,,,
Google,2026-04-14,Apr 26,14,30,0.033333,0.466667,201672.95,2823421.24,,,,445.6817,6239.5433,,,,27.855,389.97,,,,11.142,155.988,,,,3.3427,46.7973,,,,452.5,452.5,,,
Google,2026-04-15,Apr 26,15,30,0.033333,0.5,201672.95,3025094.19,,,,445.6817,6685.225,,,,27.855,417.825,,,,11.142,167.13,,,,3.3427,50.14,,,,452.5,452.5,,,
Google,2026-04-16,Apr 26,16,30,0.033333,0.533333,201672.95,3226767.13,,,,445.6817,7130.9067,,,,27.855,445.68,,,,11.142,178.272,,,,3.3427,53.4827,,,,452.5,452.5,,,
Google,2026-04-17,Apr 26,17,30,0.033333,0.566667,201672.95,3428440.08,,,,445.6817,7576.5883,,,,27.855,473.535,,,,11.142,189.414,,,,3.3427,56.8253,,,,452.5,452.5,,,
Google,2026-04-18,Apr 26,18,30,0.033333,0.6,201672.95,3630113.02,,,,445.6817,8022.27,,,,27.855,501.39,,,,11.142,200.556,,,,3.3427,60.168,,,,452.5,452.5,,,
Google,2026-04-19,Apr 26,19,30,0.033333,0.633333,201672.95,3831785.97,,,,445.6817,8467.9517,,,,27.855,529.245,,,,11.142,211.698,,,,3.3427,63.5107,,,,452.5,452.5,,,
Google,2026-04-20,Apr 26,20,30,0.033333,0.666667,201672.95,4033458.91,,,,445.6817,8913.6333,,,,27.855,557.1,,,,11.142,222.84,,,,3.3427,66.8533,,,,452.5,452.5,,,
Google,2026-04-21,Apr 26,21,30,0.033333,0.7,201672.95,4235131.86,,,,445.6817,9359.315,,,,27.855,584.955,,,,11.142,233.982,,,,3.3427,70.196,,,,452.5,452.5,,,
Google,2026-04-22,Apr 26,22,30,0.033333,0.733333,201672.95,4436804.8,,,,445.6817,9804.9967,,,,27.855,612.81,,,,11.142,245.124,,,,3.3427,73.5387,,,,452.5,452.5,,,
Google,2026-04-23,Apr 26,23,30,0.033333,0.766667,201672.95,4638477.75,,,,445.6817,10250.6783,,,,27.855,640.665,,,,11.142,256.266,,,,3.3427,76.8813,,,,452.5,452.5,,,
Google,2026-04-24,Apr 26,24,30,0.033333,0.8,201672.95,4840150.7,,,,445.6817,10696.36,,,,27.855,668.52,,,,11.142,267.408,,,,3.3427,80.224,,,,452.5,452.5,,,
Google,2026-04-25,Apr 26,25,30,0.033333,0.833333,201672.95,5041823.64,,,,445.6817,11142.0417,,,,27.855,696.375,,,,11.142,278.55,,,,3.3427,83.5667,,,,452.5,452.5,,,
Google,2026-04-26,Apr 26,26,30,0.033333,0.866667,201672.95,5243496.59,,,,445.6817,11587.7233,,,,27.855,724.23,,,,11.142,289.692,,,,3.3427,86.9093,,,,452.5,452.5,,,
Google,2026-04-27,Apr 26,27,30,0.033333,0.9,201672.95,5445169.53,,,,445.6817,12033.405,,,,27.855,752.085,,,,11.142,300.834,,,,3.3427,90.252,,,,452.5,452.5,,,
Google,2026-04-28,Apr 26,28,30,0.033333,0.933333,201672.95,5646842.48,,,,445.6817,12479.0867,,,,27.855,779.94,,,,11.142,311.976,,,,3.3427,93.5947,,,,452.5,452.5,,,
Google,2026-04-29,Apr 26,29,30,0.033333,0.966667,201672.95,5848515.42,,,,445.6817,12924.7683,,,,27.855,807.795,,,,11.142,323.118,,,,3.3427,96.9373,,,,452.5,452.5,,,
Google,2026-04-30,Apr 26,30,30,0.033333,1.0,201672.95,6050188.37,,,,445.6817,13370.45,,,,27.855,835.65,,,,11.142,334.26,,,,3.3427,100.28,,,,452.5,452.5,,,
Meta,2026-04-01,Apr 26,1,30,0.033333,0.033333,246489.16,246489.16,,,,817.083,817.083,,,,34.045,34.045,,,,13.618,13.618,,,,4.0853,4.0853,,,,301.67,301.67,,,
Meta,2026-04-02,Apr 26,2,30,0.033333,0.066667,246489.16,492978.31,,,,817.083,1634.166,,,,34.045,68.09,,,,13.618,27.236,,,,4.0853,8.1707,,,,301.67,301.67,,,
Meta,2026-04-03,Apr 26,3,30,0.033333,0.1,246489.16,739467.47,,,,817.083,2451.249,,,,34.045,102.135,,,,13.618,40.854,,,,4.0853,12.256,,,,301.67,301.67,,,
Meta,2026-04-04,Apr 26,4,30,0.033333,0.133333,246489.16,985956.62,,,,817.083,3268.332,,,,34.045,136.18,,,,13.618,54.472,,,,4.0853,16.3413,,,,301.67,301.67,,,
Meta,2026-04-05,Apr 26,5,30,0.033333,0.166667,246489.16,1232445.78,,,,817.083,4085.415,,,,34.045,170.225,,,,13.618,68.09,,,,4.0853,20.4267,,,,301.67,301.67,,,
Meta,2026-04-06,Apr 26,6,30,0.033333,0.2,246489.16,1478934.93,,,,817.083,4902.498,,,,34.045,204.27,,,,13.618,81.708,,,,4.0853,24.512,,,,301.67,301.67,,,
Meta,2026-04-07,Apr 26,7,30,0.033333,0.233333,246489.16,1725424.09,,,,817.083,5719.581,,,,34.045,238.315,,,,13.618,95.326,,,,4.0853,28.5973,,,,301.67,301.67,,,
Meta,2026-04-08,Apr 26,8,30,0.033333,0.266667,246489.16,1971913.25,,,,817.083,6536.664,,,,34.045,272.36,,,,13.618,108.944,,,,4.0853,32.6827,,,,301.67,301.67,,,
Meta,2026-04-09,Apr 26,9,30,0.033333,0.3,246489.16,2218402.4,,,,817.083,7353.747,,,,34.045,306.405,,,,13.618,122.562,,,,4.0853,36.768,,,,301.67,301.67,,,
Meta,2026-04-10,Apr 26,10,30,0.033333,0.333333,246489.16,2464891.56,,,,817.083,8170.83,,,,34.045,340.45,,,,13.618,136.18,,,,4.0853,40.8533,,,,301.67,301.67,,,
Meta,2026-04-11,Apr 26,11,30,0.033333,0.366667,246489.16,2711380.71,,,,817.083,8987.913,,,,34.045,374.495,,,,13.618,149.798,,,,4.0853,44.9387,,,,301.67,301.67,,,
Meta,2026-04-12,Apr 26,12,30,0.033333,0.4,246489.16,2957869.87,,,,817.083,9804.996,,,,34.045,408.54,,,,13.618,163.416,,,,4.0853,49.024,,,,301.67,301.67,,,
Meta,2026-04-13,Apr 26,13,30,0.033333,0.433333,246489.16,3204359.02,,,,817.083,10622.079,,,,34.045,442.585,,,,13.618,177.034,,,,4.0853,53.1093,,,,301.67,301.67,,,
Meta,2026-04-14,Apr 26,14,30,0.033333,0.466667,246489.16,3450848.18,,,,817.083,11439.162,,,,34.045,476.63,,,,13.618,190.652,,,,4.0853,57.1947,,,,301.67,301.67,,,
Meta,2026-04-15,Apr 26,15,30,0.033333,0.5,246489.16,3697337.33,,,,817.083,12256.245,,,,34.045,510.675,,,,13.618,204.27,,,,4.0853,61.28,,,,301.67,301.67,,,
Meta,2026-04-16,Apr 26,16,30,0.033333,0.533333,246489.16,3943826.49,,,,817.083,13073.328,,,,34.045,544.72,,,,13.618,217.888,,,,4.0853,65.3653,,,,301.67,301.67,,,
Meta,2026-04-17,Apr 26,17,30,0.033333,0.566667,246489.16,4190315.65,,,,817.083,13890.411,,,,34.045,578.765,,,,13.618,231.506,,,,4.0853,69.4507,,,,301.67,301.67,,,
Meta,2026-04-18,Apr 26,18,30,0.033333,0.6,246489.16,4436804.8,,,,817.083,14707.494,,,,34.045,612.81,,,,13.618,245.124,,,,4.0853,73.536,,,,301.67,301.67,,,
Meta,2026-04-19,Apr 26,19,30,0.033333,0.633333,246489.16,4683293.96,,,,817.083,15524.577,,,,34.045,646.855,,,,13.618,258.742,,,,4.0853,77.6213,,,,301.67,301.67,,,
Meta,2026-04-20,Apr 26,20,30,0.033333,0.666667,246489.16,4929783.11,,,,817.083,16341.66,,,,34.045,680.9,,,,13.618,272.36,,,,4.0853,81.7067,,,,301.67,301.67,,,
Meta,2026-04-21,Apr 26,21,30,0.033333,0.7,246489.16,5176272.27,,,,817.083,17158.743,,,,34.045,714.945,,,,13.618,285.978,,,,4.0853,85.792,,,,301.67,301.67,,,
Meta,2026-04-22,Apr 26,22,30,0.033333,0.733333,246489.16,5422761.42,,,,817.083,17975.826,,,,34.045,748.99,,,,13.618,299.596,,,,4.0853,89.8773,,,,301.67,301.67,,,
Meta,2026-04-23,Apr 26,23,30,0.033333,0.766667,246489.16,5669250.58,,,,817.083,18792.909,,,,34.045,783.035,,,,13.618,313.214,,,,4.0853,93.9627,,,,301.67,301.67,,,
Meta,2026-04-24,Apr 26,24,30,0.033333,0.8,246489.16,5915739.74,,,,817.083,19609.992,,,,34.045,817.08,,,,13.618,326.832,,,,4.0853,98.048,,,,301.67,301.67,,,
Meta,2026-04-25,Apr 26,25,30,0.033333,0.833333,246489.16,6162228.89,,,,817.083,20427.075,,,,34.045,851.125,,,,13.618,340.45,,,,4.0853,102.1333,,,,301.67,301.67,,,
Meta,2026-04-26,Apr 26,26,30,0.033333,0.866667,246489.16,6408718.05,,,,817.083,21244.158,,,,34.045,885.17,,,,13.618,354.068,,,,4.0853,106.2187,,,,301.67,301.67,,,
Meta,2026-04-27,Apr 26,27,30,0.033333,0.9,246489.16,6655207.2,,,,817.083,22061.241,,,,34.045,919.215,,,,13.618,367.686,,,,4.0853,110.304,,,,301.67,301.67,,,
Meta,2026-04-28,Apr 26,28,30,0.033333,0.933333,246489.16,6901696.36,,,,817.083,22878.324,,,,34.045,953.26,,,,13.618,381.304,,,,4.0853,114.3893,,,,301.67,301.67,,,
Meta,2026-04-29,Apr 26,29,30,0.033333,0.966667,246489.16,7148185.51,,,,817.083,23695.407,,,,34.045,987.305,,,,13.618,394.922,,,,4.0853,118.4747,,,,301.67,301.67,,,
Meta,2026-04-30,Apr 26,30,30,0.033333,1.0,246489.16,7394674.67,,,,817.083,24512.49,,,,34.045,1021.35,,,,13.618,408.54,,,,4.0853,122.56,,,,301.67,301.67,,,
Google,2026-05-01,May 26,1,31,0.032258,0.032258,333057.83,333057.83,,,,663.2206,663.2206,,,,41.4513,41.4513,,,,16.5806,16.5806,,,,4.9742,4.9742,,,,502.18,502.18,,,
Google,2026-05-02,May 26,2,31,0.032258,0.064516,333057.83,666115.66,,,,663.2206,1326.4413,,,,41.4513,82.9026,,,,16.5806,33.1613,,,,4.9742,9.9484,,,,502.18,502.18,,,
Google,2026-05-03,May 26,3,31,0.032258,0.096774,333057.83,999173.49,,,,663.2206,1989.6619,,,,41.4513,124.3539,,,,16.5806,49.7419,,,,4.9742,14.9226,,,,502.18,502.18,,,
Google,2026-05-04,May 26,4,31,0.032258,0.129032,333057.83,1332231.31,,,,663.2206,2652.8826,,,,41.4513,165.8052,,,,16.5806,66.3226,,,,4.9742,19.8968,,,,502.18,502.18,,,
Google,2026-05-05,May 26,5,31,0.032258,0.16129,333057.83,1665289.14,,,,663.2206,3316.1032,,,,41.4513,207.2565,,,,16.5806,82.9032,,,,4.9742,24.871,,,,502.18,502.18,,,
Google,2026-05-06,May 26,6,31,0.032258,0.193548,333057.83,1998346.97,,,,663.2206,3979.3239,,,,41.4513,248.7077,,,,16.5806,99.4839,,,,4.9742,29.8452,,,,502.18,502.18,,,
Google,2026-05-07,May 26,7,31,0.032258,0.225806,333057.83,2331404.8,,,,663.2206,4642.5445,,,,41.4513,290.159,,,,16.5806,116.0645,,,,4.9742,34.8194,,,,502.18,502.18,,,
Google,2026-05-08,May 26,8,31,0.032258,0.258065,333057.83,2664462.63,,,,663.2206,5305.7652,,,,41.4513,331.6103,,,,16.5806,132.6452,,,,4.9742,39.7935,,,,502.18,502.18,,,
Google,2026-05-09,May 26,9,31,0.032258,0.290323,333057.83,2997520.46,,,,663.2206,5968.9858,,,,41.4513,373.0616,,,,16.5806,149.2258,,,,4.9742,44.7677,,,,502.18,502.18,,,
Google,2026-05-10,May 26,10,31,0.032258,0.322581,333057.83,3330578.28,,,,663.2206,6632.2065,,,,41.4513,414.5129,,,,16.5806,165.8065,,,,4.9742,49.7419,,,,502.18,502.18,,,
Google,2026-05-11,May 26,11,31,0.032258,0.354839,333057.83,3663636.11,,,,663.2206,7295.4271,,,,41.4513,455.9642,,,,16.5806,182.3871,,,,4.9742,54.7161,,,,502.18,502.18,,,
Google,2026-05-12,May 26,12,31,0.032258,0.387097,333057.83,3996693.94,,,,663.2206,7958.6477,,,,41.4513,497.4155,,,,16.5806,198.9677,,,,4.9742,59.6903,,,,502.18,502.18,,,
Google,2026-05-13,May 26,13,31,0.032258,0.419355,333057.83,4329751.77,,,,663.2206,8621.8684,,,,41.4513,538.8668,,,,16.5806,215.5484,,,,4.9742,64.6645,,,,502.18,502.18,,,
Google,2026-05-14,May 26,14,31,0.032258,0.451613,333057.83,4662809.6,,,,663.2206,9285.089,,,,41.4513,580.3181,,,,16.5806,232.129,,,,4.9742,69.6387,,,,502.18,502.18,,,
Google,2026-05-15,May 26,15,31,0.032258,0.483871,333057.83,4995867.43,,,,663.2206,9948.3097,,,,41.4513,621.7694,,,,16.5806,248.7097,,,,4.9742,74.6129,,,,502.18,502.18,,,
Google,2026-05-16,May 26,16,31,0.032258,0.516129,333057.83,5328925.25,,,,663.2206,10611.5303,,,,41.4513,663.2206,,,,16.5806,265.2903,,,,4.9742,79.5871,,,,502.18,502.18,,,
Google,2026-05-17,May 26,17,31,0.032258,0.548387,333057.83,5661983.08,,,,663.2206,11274.751,,,,41.4513,704.6719,,,,16.5806,281.871,,,,4.9742,84.5613,,,,502.18,502.18,,,
Google,2026-05-18,May 26,18,31,0.032258,0.580645,333057.83,5995040.91,,,,663.2206,11937.9716,,,,41.4513,746.1232,,,,16.5806,298.4516,,,,4.9742,89.5355,,,,502.18,502.18,,,
Google,2026-05-19,May 26,19,31,0.032258,0.612903,333057.83,6328098.74,,,,663.2206,12601.1923,,,,41.4513,787.5745,,,,16.5806,315.0323,,,,4.9742,94.5097,,,,502.18,502.18,,,
Google,2026-05-20,May 26,20,31,0.032258,0.645161,333057.83,6661156.57,,,,663.2206,13264.4129,,,,41.4513,829.0258,,,,16.5806,331.6129,,,,4.9742,99.4839,,,,502.18,502.18,,,
Google,2026-05-21,May 26,21,31,0.032258,0.677419,333057.83,6994214.4,,,,663.2206,13927.6335,,,,41.4513,870.4771,,,,16.5806,348.1935,,,,4.9742,104.4581,,,,502.18,502.18,,,
Google,2026-05-22,May 26,22,31,0.032258,0.709677,333057.83,7327272.22,,,,663.2206,14590.8542,,,,41.4513,911.9284,,,,16.5806,364.7742,,,,4.9742,109.4323,,,,502.18,502.18,,,
Google,2026-05-23,May 26,23,31,0.032258,0.741935,333057.83,7660330.05,,,,663.2206,15254.0748,,,,41.4513,953.3797,,,,16.5806,381.3548,,,,4.9742,114.4065,,,,502.18,502.18,,,
Google,2026-05-24,May 26,24,31,0.032258,0.774194,333057.83,7993387.88,,,,663.2206,15917.2955,,,,41.4513,994.831,,,,16.5806,397.9355,,,,4.9742,119.3806,,,,502.18,502.18,,,
Google,2026-05-25,May 26,25,31,0.032258,0.806452,333057.83,8326445.71,,,,663.2206,16580.5161,,,,41.4513,1036.2823,,,,16.5806,414.5161,,,,4.9742,124.3548,,,,502.18,502.18,,,
Google,2026-05-26,May 26,26,31,0.032258,0.83871,333057.83,8659503.54,,,,663.2206,17243.7368,,,,41.4513,1077.7335,,,,16.5806,431.0968,,,,4.9742,129.329,,,,502.18,502.18,,,
Google,2026-05-27,May 26,27,31,0.032258,0.870968,333057.83,8992561.37,,,,663.2206,17906.9574,,,,41.4513,1119.1848,,,,16.5806,447.6774,,,,4.9742,134.3032,,,,502.18,502.18,,,
Google,2026-05-28,May 26,28,31,0.032258,0.903226,333057.83,9325619.19,,,,663.2206,18570.1781,,,,41.4513,1160.6361,,,,16.5806,464.2581,,,,4.9742,139.2774,,,,502.18,502.18,,,
Google,2026-05-29,May 26,29,31,0.032258,0.935484,333057.83,9658677.02,,,,663.2206,19233.3987,,,,41.4513,1202.0874,,,,16.5806,480.8387,,,,4.9742,144.2516,,,,502.18,502.18,,,
Google,2026-05-30,May 26,30,31,0.032258,0.967742,333057.83,9991734.85,,,,663.2206,19896.6194,,,,41.4513,1243.5387,,,,16.5806,497.4194,,,,4.9742,149.2258,,,,502.18,502.18,,,
Google,2026-05-31,May 26,31,31,0.032258,1.0,333057.83,10324792.68,,,,663.2206,20559.84,,,,41.4513,1284.99,,,,16.5806,514.0,,,,4.9742,154.2,,,,502.18,502.18,,,
Meta,2026-05-01,May 26,1,31,0.032258,0.032258,499586.74,499586.74,,,,1492.2468,1492.2468,,,,62.1771,62.1771,,,,24.8706,24.8706,,,,7.4613,7.4613,,,,334.79,334.79,,,
Meta,2026-05-02,May 26,2,31,0.032258,0.064516,499586.74,999173.49,,,,1492.2468,2984.4935,,,,62.1771,124.3542,,,,24.8706,49.7413,,,,7.4613,14.9226,,,,334.79,334.79,,,
Meta,2026-05-03,May 26,3,31,0.032258,0.096774,499586.74,1498760.23,,,,1492.2468,4476.7403,,,,62.1771,186.5313,,,,24.8706,74.6119,,,,7.4613,22.3839,,,,334.79,334.79,,,
Meta,2026-05-04,May 26,4,31,0.032258,0.129032,499586.74,1998346.97,,,,1492.2468,5968.9871,,,,62.1771,248.7084,,,,24.8706,99.4826,,,,7.4613,29.8452,,,,334.79,334.79,,,
Meta,2026-05-05,May 26,5,31,0.032258,0.16129,499586.74,2497933.71,,,,1492.2468,7461.2339,,,,62.1771,310.8855,,,,24.8706,124.3532,,,,7.4613,37.3065,,,,334.79,334.79,,,
Meta,2026-05-06,May 26,6,31,0.032258,0.193548,499586.74,2997520.46,,,,1492.2468,8953.4806,,,,62.1771,373.0626,,,,24.8706,149.2239,,,,7.4613,44.7677,,,,334.79,334.79,,,
Meta,2026-05-07,May 26,7,31,0.032258,0.225806,499586.74,3497107.2,,,,1492.2468,10445.7274,,,,62.1771,435.2397,,,,24.8706,174.0945,,,,7.4613,52.229,,,,334.79,334.79,,,
Meta,2026-05-08,May 26,8,31,0.032258,0.258065,499586.74,3996693.94,,,,1492.2468,11937.9742,,,,62.1771,497.4168,,,,24.8706,198.9652,,,,7.4613,59.6903,,,,334.79,334.79,,,
Meta,2026-05-09,May 26,9,31,0.032258,0.290323,499586.74,4496280.68,,,,1492.2468,13430.221,,,,62.1771,559.5939,,,,24.8706,223.8358,,,,7.4613,67.1516,,,,334.79,334.79,,,
Meta,2026-05-10,May 26,10,31,0.032258,0.322581,499586.74,4995867.43,,,,1492.2468,14922.4677,,,,62.1771,621.771,,,,24.8706,248.7065,,,,7.4613,74.6129,,,,334.79,334.79,,,
Meta,2026-05-11,May 26,11,31,0.032258,0.354839,499586.74,5495454.17,,,,1492.2468,16414.7145,,,,62.1771,683.9481,,,,24.8706,273.5771,,,,7.4613,82.0742,,,,334.79,334.79,,,
Meta,2026-05-12,May 26,12,31,0.032258,0.387097,499586.74,5995040.91,,,,1492.2468,17906.9613,,,,62.1771,746.1252,,,,24.8706,298.4477,,,,7.4613,89.5355,,,,334.79,334.79,,,
Meta,2026-05-13,May 26,13,31,0.032258,0.419355,499586.74,6494627.65,,,,1492.2468,19399.2081,,,,62.1771,808.3023,,,,24.8706,323.3184,,,,7.4613,96.9968,,,,334.79,334.79,,,
Meta,2026-05-14,May 26,14,31,0.032258,0.451613,499586.74,6994214.4,,,,1492.2468,20891.4548,,,,62.1771,870.4794,,,,24.8706,348.189,,,,7.4613,104.4581,,,,334.79,334.79,,,
Meta,2026-05-15,May 26,15,31,0.032258,0.483871,499586.74,7493801.14,,,,1492.2468,22383.7016,,,,62.1771,932.6565,,,,24.8706,373.0597,,,,7.4613,111.9194,,,,334.79,334.79,,,
Meta,2026-05-16,May 26,16,31,0.032258,0.516129,499586.74,7993387.88,,,,1492.2468,23875.9484,,,,62.1771,994.8335,,,,24.8706,397.9303,,,,7.4613,119.3806,,,,334.79,334.79,,,
Meta,2026-05-17,May 26,17,31,0.032258,0.548387,499586.74,8492974.62,,,,1492.2468,25368.1952,,,,62.1771,1057.0106,,,,24.8706,422.801,,,,7.4613,126.8419,,,,334.79,334.79,,,
Meta,2026-05-18,May 26,18,31,0.032258,0.580645,499586.74,8992561.37,,,,1492.2468,26860.4419,,,,62.1771,1119.1877,,,,24.8706,447.6716,,,,7.4613,134.3032,,,,334.79,334.79,,,
Meta,2026-05-19,May 26,19,31,0.032258,0.612903,499586.74,9492148.11,,,,1492.2468,28352.6887,,,,62.1771,1181.3648,,,,24.8706,472.5423,,,,7.4613,141.7645,,,,334.79,334.79,,,
Meta,2026-05-20,May 26,20,31,0.032258,0.645161,499586.74,9991734.85,,,,1492.2468,29844.9355,,,,62.1771,1243.5419,,,,24.8706,497.4129,,,,7.4613,149.2258,,,,334.79,334.79,,,
Meta,2026-05-21,May 26,21,31,0.032258,0.677419,499586.74,10491321.59,,,,1492.2468,31337.1823,,,,62.1771,1305.719,,,,24.8706,522.2835,,,,7.4613,156.6871,,,,334.79,334.79,,,
Meta,2026-05-22,May 26,22,31,0.032258,0.709677,499586.74,10990908.34,,,,1492.2468,32829.429,,,,62.1771,1367.8961,,,,24.8706,547.1542,,,,7.4613,164.1484,,,,334.79,334.79,,,
Meta,2026-05-23,May 26,23,31,0.032258,0.741935,499586.74,11490495.08,,,,1492.2468,34321.6758,,,,62.1771,1430.0732,,,,24.8706,572.0248,,,,7.4613,171.6097,,,,334.79,334.79,,,
Meta,2026-05-24,May 26,24,31,0.032258,0.774194,499586.74,11990081.82,,,,1492.2468,35813.9226,,,,62.1771,1492.2503,,,,24.8706,596.8955,,,,7.4613,179.071,,,,334.79,334.79,,,
Meta,2026-05-25,May 26,25,31,0.032258,0.806452,499586.74,12489668.56,,,,1492.2468,37306.1694,,,,62.1771,1554.4274,,,,24.8706,621.7661,,,,7.4613,186.5323,,,,334.79,334.79,,,
Meta,2026-05-26,May 26,26,31,0.032258,0.83871,499586.74,12989255.31,,,,1492.2468,38798.4161,,,,62.1771,1616.6045,,,,24.8706,646.6368,,,,7.4613,193.9935,,,,334.79,334.79,,,
Meta,2026-05-27,May 26,27,31,0.032258,0.870968,499586.74,13488842.05,,,,1492.2468,40290.6629,,,,62.1771,1678.7816,,,,24.8706,671.5074,,,,7.4613,201.4548,,,,334.79,334.79,,,
Meta,2026-05-28,May 26,28,31,0.032258,0.903226,499586.74,13988428.79,,,,1492.2468,41782.9097,,,,62.1771,1740.9587,,,,24.8706,696.3781,,,,7.4613,208.9161,,,,334.79,334.79,,,
Meta,2026-05-29,May 26,29,31,0.032258,0.935484,499586.74,14488015.53,,,,1492.2468,43275.1565,,,,62.1771,1803.1358,,,,24.8706,721.2487,,,,7.4613,216.3774,,,,334.79,334.79,,,
Meta,2026-05-30,May 26,30,31,0.032258,0.967742,499586.74,14987602.28,,,,1492.2468,44767.4032,,,,62.1771,1865.3129,,,,24.8706,746.1194,,,,7.4613,223.8387,,,,334.79,334.79,,,
Meta,2026-05-31,May 26,31,31,0.032258,1.0,499586.74,15487189.02,,,,1492.2468,46259.65,,,,62.1771,1927.49,,,,24.8706,770.99,,,,7.4613,231.3,,,,334.79,334.79,,,
Google,2026-06-01,Jun 26,1,30,0.033333,0.033333,349593.23,349593.23,,,,679.3597,679.3597,,,,42.46,42.46,,,,16.984,16.984,,,,5.0953,5.0953,,,,514.59,514.59,,,
Google,2026-06-02,Jun 26,2,30,0.033333,0.066667,349593.23,699186.46,,,,679.3597,1358.7193,,,,42.46,84.92,,,,16.984,33.968,,,,5.0953,10.1907,,,,514.59,514.59,,,
Google,2026-06-03,Jun 26,3,30,0.033333,0.1,349593.23,1048779.68,,,,679.3597,2038.079,,,,42.46,127.38,,,,16.984,50.952,,,,5.0953,15.286,,,,514.59,514.59,,,
Google,2026-06-04,Jun 26,4,30,0.033333,0.133333,349593.23,1398372.91,,,,679.3597,2717.4387,,,,42.46,169.84,,,,16.984,67.936,,,,5.0953,20.3813,,,,514.59,514.59,,,
Google,2026-06-05,Jun 26,5,30,0.033333,0.166667,349593.23,1747966.14,,,,679.3597,3396.7983,,,,42.46,212.3,,,,16.984,84.92,,,,5.0953,25.4767,,,,514.59,514.59,,,
Google,2026-06-06,Jun 26,6,30,0.033333,0.2,349593.23,2097559.37,,,,679.3597,4076.158,,,,42.46,254.76,,,,16.984,101.904,,,,5.0953,30.572,,,,514.59,514.59,,,
Google,2026-06-07,Jun 26,7,30,0.033333,0.233333,349593.23,2447152.6,,,,679.3597,4755.5177,,,,42.46,297.22,,,,16.984,118.888,,,,5.0953,35.6673,,,,514.59,514.59,,,
Google,2026-06-08,Jun 26,8,30,0.033333,0.266667,349593.23,2796745.82,,,,679.3597,5434.8773,,,,42.46,339.68,,,,16.984,135.872,,,,5.0953,40.7627,,,,514.59,514.59,,,
Google,2026-06-09,Jun 26,9,30,0.033333,0.3,349593.23,3146339.05,,,,679.3597,6114.237,,,,42.46,382.14,,,,16.984,152.856,,,,5.0953,45.858,,,,514.59,514.59,,,
Google,2026-06-10,Jun 26,10,30,0.033333,0.333333,349593.23,3495932.28,,,,679.3597,6793.5967,,,,42.46,424.6,,,,16.984,169.84,,,,5.0953,50.9533,,,,514.59,514.59,,,
Google,2026-06-11,Jun 26,11,30,0.033333,0.366667,349593.23,3845525.51,,,,679.3597,7472.9563,,,,42.46,467.06,,,,16.984,186.824,,,,5.0953,56.0487,,,,514.59,514.59,,,
Google,2026-06-12,Jun 26,12,30,0.033333,0.4,349593.23,4195118.74,,,,679.3597,8152.316,,,,42.46,509.52,,,,16.984,203.808,,,,5.0953,61.144,,,,514.59,514.59,,,
Google,2026-06-13,Jun 26,13,30,0.033333,0.433333,349593.23,4544711.96,,,,679.3597,8831.6757,,,,42.46,551.98,,,,16.984,220.792,,,,5.0953,66.2393,,,,514.59,514.59,,,
Google,2026-06-14,Jun 26,14,30,0.033333,0.466667,349593.23,4894305.19,,,,679.3597,9511.0353,,,,42.46,594.44,,,,16.984,237.776,,,,5.0953,71.3347,,,,514.59,514.59,,,
Google,2026-06-15,Jun 26,15,30,0.033333,0.5,349593.23,5243898.42,,,,679.3597,10190.395,,,,42.46,636.9,,,,16.984,254.76,,,,5.0953,76.43,,,,514.59,514.59,,,
Google,2026-06-16,Jun 26,16,30,0.033333,0.533333,349593.23,5593491.65,,,,679.3597,10869.7547,,,,42.46,679.36,,,,16.984,271.744,,,,5.0953,81.5253,,,,514.59,514.59,,,
Google,2026-06-17,Jun 26,17,30,0.033333,0.566667,349593.23,5943084.88,,,,679.3597,11549.1143,,,,42.46,721.82,,,,16.984,288.728,,,,5.0953,86.6207,,,,514.59,514.59,,,
Google,2026-06-18,Jun 26,18,30,0.033333,0.6,349593.23,6292678.1,,,,679.3597,12228.474,,,,42.46,764.28,,,,16.984,305.712,,,,5.0953,91.716,,,,514.59,514.59,,,
Google,2026-06-19,Jun 26,19,30,0.033333,0.633333,349593.23,6642271.33,,,,679.3597,12907.8337,,,,42.46,806.74,,,,16.984,322.696,,,,5.0953,96.8113,,,,514.59,514.59,,,
Google,2026-06-20,Jun 26,20,30,0.033333,0.666667,349593.23,6991864.56,,,,679.3597,13587.1933,,,,42.46,849.2,,,,16.984,339.68,,,,5.0953,101.9067,,,,514.59,514.59,,,
Google,2026-06-21,Jun 26,21,30,0.033333,0.7,349593.23,7341457.79,,,,679.3597,14266.553,,,,42.46,891.66,,,,16.984,356.664,,,,5.0953,107.002,,,,514.59,514.59,,,
Google,2026-06-22,Jun 26,22,30,0.033333,0.733333,349593.23,7691051.02,,,,679.3597,14945.9127,,,,42.46,934.12,,,,16.984,373.648,,,,5.0953,112.0973,,,,514.59,514.59,,,
Google,2026-06-23,Jun 26,23,30,0.033333,0.766667,349593.23,8040644.24,,,,679.3597,15625.2723,,,,42.46,976.58,,,,16.984,390.632,,,,5.0953,117.1927,,,,514.59,514.59,,,
Google,2026-06-24,Jun 26,24,30,0.033333,0.8,349593.23,8390237.47,,,,679.3597,16304.632,,,,42.46,1019.04,,,,16.984,407.616,,,,5.0953,122.288,,,,514.59,514.59,,,
Google,2026-06-25,Jun 26,25,30,0.033333,0.833333,349593.23,8739830.7,,,,679.3597,16983.9917,,,,42.46,1061.5,,,,16.984,424.6,,,,5.0953,127.3833,,,,514.59,514.59,,,
Google,2026-06-26,Jun 26,26,30,0.033333,0.866667,349593.23,9089423.93,,,,679.3597,17663.3513,,,,42.46,1103.96,,,,16.984,441.584,,,,5.0953,132.4787,,,,514.59,514.59,,,
Google,2026-06-27,Jun 26,27,30,0.033333,0.9,349593.23,9439017.16,,,,679.3597,18342.711,,,,42.46,1146.42,,,,16.984,458.568,,,,5.0953,137.574,,,,514.59,514.59,,,
Google,2026-06-28,Jun 26,28,30,0.033333,0.933333,349593.23,9788610.38,,,,679.3597,19022.0707,,,,42.46,1188.88,,,,16.984,475.552,,,,5.0953,142.6693,,,,514.59,514.59,,,
Google,2026-06-29,Jun 26,29,30,0.033333,0.966667,349593.23,10138203.61,,,,679.3597,19701.4303,,,,42.46,1231.34,,,,16.984,492.536,,,,5.0953,147.7647,,,,514.59,514.59,,,
Google,2026-06-30,Jun 26,30,30,0.033333,1.0,349593.23,10487796.84,,,,679.3597,20380.79,,,,42.46,1273.8,,,,16.984,509.52,,,,5.0953,152.86,,,,514.59,514.59,,,
Meta,2026-06-01,Jun 26,1,30,0.033333,0.033333,524389.84,524389.84,,,,1528.5597,1528.5597,,,,63.69,63.69,,,,25.476,25.476,,,,7.6427,7.6427,,,,343.06,343.06,,,
Meta,2026-06-02,Jun 26,2,30,0.033333,0.066667,524389.84,1048779.68,,,,1528.5597,3057.1193,,,,63.69,127.38,,,,25.476,50.952,,,,7.6427,15.2853,,,,343.06,343.06,,,
Meta,2026-06-03,Jun 26,3,30,0.033333,0.1,524389.84,1573169.53,,,,1528.5597,4585.679,,,,63.69,191.07,,,,25.476,76.428,,,,7.6427,22.928,,,,343.06,343.06,,,
Meta,2026-06-04,Jun 26,4,30,0.033333,0.133333,524389.84,2097559.37,,,,1528.5597,6114.2387,,,,63.69,254.76,,,,25.476,101.904,,,,7.6427,30.5707,,,,343.06,343.06,,,
Meta,2026-06-05,Jun 26,5,30,0.033333,0.166667,524389.84,2621949.21,,,,1528.5597,7642.7983,,,,63.69,318.45,,,,25.476,127.38,,,,7.6427,38.2133,,,,343.06,343.06,,,
Meta,2026-06-06,Jun 26,6,30,0.033333,0.2,524389.84,3146339.05,,,,1528.5597,9171.358,,,,63.69,382.14,,,,25.476,152.856,,,,7.6427,45.856,,,,343.06,343.06,,,
Meta,2026-06-07,Jun 26,7,30,0.033333,0.233333,524389.84,3670728.89,,,,1528.5597,10699.9177,,,,63.69,445.83,,,,25.476,178.332,,,,7.6427,53.4987,,,,343.06,343.06,,,
Meta,2026-06-08,Jun 26,8,30,0.033333,0.266667,524389.84,4195118.74,,,,1528.5597,12228.4773,,,,63.69,509.52,,,,25.476,203.808,,,,7.6427,61.1413,,,,343.06,343.06,,,
Meta,2026-06-09,Jun 26,9,30,0.033333,0.3,524389.84,4719508.58,,,,1528.5597,13757.037,,,,63.69,573.21,,,,25.476,229.284,,,,7.6427,68.784,,,,343.06,343.06,,,
Meta,2026-06-10,Jun 26,10,30,0.033333,0.333333,524389.84,5243898.42,,,,1528.5597,15285.5967,,,,63.69,636.9,,,,25.476,254.76,,,,7.6427,76.4267,,,,343.06,343.06,,,
Meta,2026-06-11,Jun 26,11,30,0.033333,0.366667,524389.84,5768288.26,,,,1528.5597,16814.1563,,,,63.69,700.59,,,,25.476,280.236,,,,7.6427,84.0693,,,,343.06,343.06,,,
Meta,2026-06-12,Jun 26,12,30,0.033333,0.4,524389.84,6292678.1,,,,1528.5597,18342.716,,,,63.69,764.28,,,,25.476,305.712,,,,7.6427,91.712,,,,343.06,343.06,,,
Meta,2026-06-13,Jun 26,13,30,0.033333,0.433333,524389.84,6817067.95,,,,1528.5597,19871.2757,,,,63.69,827.97,,,,25.476,331.188,,,,7.6427,99.3547,,,,343.06,343.06,,,
Meta,2026-06-14,Jun 26,14,30,0.033333,0.466667,524389.84,7341457.79,,,,1528.5597,21399.8353,,,,63.69,891.66,,,,25.476,356.664,,,,7.6427,106.9973,,,,343.06,343.06,,,
Meta,2026-06-15,Jun 26,15,30,0.033333,0.5,524389.84,7865847.63,,,,1528.5597,22928.395,,,,63.69,955.35,,,,25.476,382.14,,,,7.6427,114.64,,,,343.06,343.06,,,
Meta,2026-06-16,Jun 26,16,30,0.033333,0.533333,524389.84,8390237.47,,,,1528.5597,24456.9547,,,,63.69,1019.04,,,,25.476,407.616,,,,7.6427,122.2827,,,,343.06,343.06,,,
Meta,2026-06-17,Jun 26,17,30,0.033333,0.566667,524389.84,8914627.31,,,,1528.5597,25985.5143,,,,63.69,1082.73,,,,25.476,433.092,,,,7.6427,129.9253,,,,343.06,343.06,,,
Meta,2026-06-18,Jun 26,18,30,0.033333,0.6,524389.84,9439017.16,,,,1528.5597,27514.074,,,,63.69,1146.42,,,,25.476,458.568,,,,7.6427,137.568,,,,343.06,343.06,,,
Meta,2026-06-19,Jun 26,19,30,0.033333,0.633333,524389.84,9963407.0,,,,1528.5597,29042.6337,,,,63.69,1210.11,,,,25.476,484.044,,,,7.6427,145.2107,,,,343.06,343.06,,,
Meta,2026-06-20,Jun 26,20,30,0.033333,0.666667,524389.84,10487796.84,,,,1528.5597,30571.1933,,,,63.69,1273.8,,,,25.476,509.52,,,,7.6427,152.8533,,,,343.06,343.06,,,
Meta,2026-06-21,Jun 26,21,30,0.033333,0.7,524389.84,11012186.68,,,,1528.5597,32099.753,,,,63.69,1337.49,,,,25.476,534.996,,,,7.6427,160.496,,,,343.06,343.06,,,
Meta,2026-06-22,Jun 26,22,30,0.033333,0.733333,524389.84,11536576.52,,,,1528.5597,33628.3127,,,,63.69,1401.18,,,,25.476,560.472,,,,7.6427,168.1387,,,,343.06,343.06,,,
Meta,2026-06-23,Jun 26,23,30,0.033333,0.766667,524389.84,12060966.37,,,,1528.5597,35156.8723,,,,63.69,1464.87,,,,25.476,585.948,,,,7.6427,175.7813,,,,343.06,343.06,,,
Meta,2026-06-24,Jun 26,24,30,0.033333,0.8,524389.84,12585356.21,,,,1528.5597,36685.432,,,,63.69,1528.56,,,,25.476,611.424,,,,7.6427,183.424,,,,343.06,343.06,,,
Meta,2026-06-25,Jun 26,25,30,0.033333,0.833333,524389.84,13109746.05,,,,1528.5597,38213.9917,,,,63.69,1592.25,,,,25.476,636.9,,,,7.6427,191.0667,,,,343.06,343.06,,,
Meta,2026-06-26,Jun 26,26,30,0.033333,0.866667,524389.84,13634135.89,,,,1528.5597,39742.5513,,,,63.69,1655.94,,,,25.476,662.376,,,,7.6427,198.7093,,,,343.06,343.06,,,
Meta,2026-06-27,Jun 26,27,30,0.033333,0.9,524389.84,14158525.73,,,,1528.5597,41271.111,,,,63.69,1719.63,,,,25.476,687.852,,,,7.6427,206.352,,,,343.06,343.06,,,
Meta,2026-06-28,Jun 26,28,30,0.033333,0.933333,524389.84,14682915.58,,,,1528.5597,42799.6707,,,,63.69,1783.32,,,,25.476,713.328,,,,7.6427,213.9947,,,,343.06,343.06,,,
Meta,2026-06-29,Jun 26,29,30,0.033333,0.966667,524389.84,15207305.42,,,,1528.5597,44328.2303,,,,63.69,1847.01,,,,25.476,738.804,,,,7.6427,221.6373,,,,343.06,343.06,,,
Meta,2026-06-30,Jun 26,30,30,0.033333,1.0,524389.84,15731695.26,,,,1528.5597,45856.79,,,,63.69,1910.7,,,,25.476,764.28,,,,7.6427,229.28,,,,343.06,343.06,,,
Google,2026-07-01,Jul 26,1,31,0.032258,0.032258,302017.89,302017.89,,,,613.2274,613.2274,,,,38.3268,38.3268,,,,15.3306,15.3306,,,,4.5994,4.5994,,,,492.51,492.51,,,
Google,2026-07-02,Jul 26,2,31,0.032258,0.064516,302017.89,604035.78,,,,613.2274,1226.4548,,,,38.3268,76.6535,,,,15.3306,30.6613,,,,4.5994,9.1987,,,,492.51,492.51,,,
Google,2026-07-03,Jul 26,3,31,0.032258,0.096774,302017.89,906053.68,,,,613.2274,1839.6823,,,,38.3268,114.9803,,,,15.3306,45.9919,,,,4.5994,13.7981,,,,492.51,492.51,,,
Google,2026-07-04,Jul 26,4,31,0.032258,0.129032,302017.89,1208071.57,,,,613.2274,2452.9097,,,,38.3268,153.3071,,,,15.3306,61.3226,,,,4.5994,18.3974,,,,492.51,492.51,,,
Google,2026-07-05,Jul 26,5,31,0.032258,0.16129,302017.89,1510089.46,,,,613.2274,3066.1371,,,,38.3268,191.6339,,,,15.3306,76.6532,,,,4.5994,22.9968,,,,492.51,492.51,,,
Google,2026-07-06,Jul 26,6,31,0.032258,0.193548,302017.89,1812107.35,,,,613.2274,3679.3645,,,,38.3268,229.9606,,,,15.3306,91.9839,,,,4.5994,27.5961,,,,492.51,492.51,,,
Google,2026-07-07,Jul 26,7,31,0.032258,0.225806,302017.89,2114125.24,,,,613.2274,4292.5919,,,,38.3268,268.2874,,,,15.3306,107.3145,,,,4.5994,32.1955,,,,492.51,492.51,,,
Google,2026-07-08,Jul 26,8,31,0.032258,0.258065,302017.89,2416143.14,,,,613.2274,4905.8194,,,,38.3268,306.6142,,,,15.3306,122.6452,,,,4.5994,36.7948,,,,492.51,492.51,,,
Google,2026-07-09,Jul 26,9,31,0.032258,0.290323,302017.89,2718161.03,,,,613.2274,5519.0468,,,,38.3268,344.941,,,,15.3306,137.9758,,,,4.5994,41.3942,,,,492.51,492.51,,,
Google,2026-07-10,Jul 26,10,31,0.032258,0.322581,302017.89,3020178.92,,,,613.2274,6132.2742,,,,38.3268,383.2677,,,,15.3306,153.3065,,,,4.5994,45.9935,,,,492.51,492.51,,,
Google,2026-07-11,Jul 26,11,31,0.032258,0.354839,302017.89,3322196.81,,,,613.2274,6745.5016,,,,38.3268,421.5945,,,,15.3306,168.6371,,,,4.5994,50.5929,,,,492.51,492.51,,,
Google,2026-07-12,Jul 26,12,31,0.032258,0.387097,302017.89,3624214.7,,,,613.2274,7358.729,,,,38.3268,459.9213,,,,15.3306,183.9677,,,,4.5994,55.1923,,,,492.51,492.51,,,
Google,2026-07-13,Jul 26,13,31,0.032258,0.419355,302017.89,3926232.6,,,,613.2274,7971.9565,,,,38.3268,498.2481,,,,15.3306,199.2984,,,,4.5994,59.7916,,,,492.51,492.51,,,
Google,2026-07-14,Jul 26,14,31,0.032258,0.451613,302017.89,4228250.49,,,,613.2274,8585.1839,,,,38.3268,536.5748,,,,15.3306,214.629,,,,4.5994,64.391,,,,492.51,492.51,,,
Google,2026-07-15,Jul 26,15,31,0.032258,0.483871,302017.89,4530268.38,,,,613.2274,9198.4113,,,,38.3268,574.9016,,,,15.3306,229.9597,,,,4.5994,68.9903,,,,492.51,492.51,,,
Google,2026-07-16,Jul 26,16,31,0.032258,0.516129,302017.89,4832286.27,,,,613.2274,9811.6387,,,,38.3268,613.2284,,,,15.3306,245.2903,,,,4.5994,73.5897,,,,492.51,492.51,,,
Google,2026-07-17,Jul 26,17,31,0.032258,0.548387,302017.89,5134304.16,,,,613.2274,10424.8661,,,,38.3268,651.5552,,,,15.3306,260.621,,,,4.5994,78.189,,,,492.51,492.51,,,
Google,2026-07-18,Jul 26,18,31,0.032258,0.580645,302017.89,5436322.05,,,,613.2274,11038.0935,,,,38.3268,689.8819,,,,15.3306,275.9516,,,,4.5994,82.7884,,,,492.51,492.51,,,
Google,2026-07-19,Jul 26,19,31,0.032258,0.612903,302017.89,5738339.95,,,,613.2274,11651.321,,,,38.3268,728.2087,,,,15.3306,291.2823,,,,4.5994,87.3877,,,,492.51,492.51,,,
Google,2026-07-20,Jul 26,20,31,0.032258,0.645161,302017.89,6040357.84,,,,613.2274,12264.5484,,,,38.3268,766.5355,,,,15.3306,306.6129,,,,4.5994,91.9871,,,,492.51,492.51,,,
Google,2026-07-21,Jul 26,21,31,0.032258,0.677419,302017.89,6342375.73,,,,613.2274,12877.7758,,,,38.3268,804.8623,,,,15.3306,321.9435,,,,4.5994,96.5865,,,,492.51,492.51,,,
Google,2026-07-22,Jul 26,22,31,0.032258,0.709677,302017.89,6644393.62,,,,613.2274,13491.0032,,,,38.3268,843.189,,,,15.3306,337.2742,,,,4.5994,101.1858,,,,492.51,492.51,,,
Google,2026-07-23,Jul 26,23,31,0.032258,0.741935,302017.89,6946411.51,,,,613.2274,14104.2306,,,,38.3268,881.5158,,,,15.3306,352.6048,,,,4.5994,105.7852,,,,492.51,492.51,,,
Google,2026-07-24,Jul 26,24,31,0.032258,0.774194,302017.89,7248429.41,,,,613.2274,14717.4581,,,,38.3268,919.8426,,,,15.3306,367.9355,,,,4.5994,110.3845,,,,492.51,492.51,,,
Google,2026-07-25,Jul 26,25,31,0.032258,0.806452,302017.89,7550447.3,,,,613.2274,15330.6855,,,,38.3268,958.1694,,,,15.3306,383.2661,,,,4.5994,114.9839,,,,492.51,492.51,,,
Google,2026-07-26,Jul 26,26,31,0.032258,0.83871,302017.89,7852465.19,,,,613.2274,15943.9129,,,,38.3268,996.4961,,,,15.3306,398.5968,,,,4.5994,119.5832,,,,492.51,492.51,,,
Google,2026-07-27,Jul 26,27,31,0.032258,0.870968,302017.89,8154483.08,,,,613.2274,16557.1403,,,,38.3268,1034.8229,,,,15.3306,413.9274,,,,4.5994,124.1826,,,,492.51,492.51,,,
Google,2026-07-28,Jul 26,28,31,0.032258,0.903226,302017.89,8456500.97,,,,613.2274,17170.3677,,,,38.3268,1073.1497,,,,15.3306,429.2581,,,,4.5994,128.7819,,,,492.51,492.51,,,
Google,2026-07-29,Jul 26,29,31,0.032258,0.935484,302017.89,8758518.87,,,,613.2274,17783.5952,,,,38.3268,1111.4765,,,,15.3306,444.5887,,,,4.5994,133.3813,,,,492.51,492.51,,,
Google,2026-07-30,Jul 26,30,31,0.032258,0.967742,302017.89,9060536.76,,,,613.2274,18396.8226,,,,38.3268,1149.8032,,,,15.3306,459.9194,,,,4.5994,137.9806,,,,492.51,492.51,,,
Google,2026-07-31,Jul 26,31,31,0.032258,1.0,302017.89,9362554.65,,,,613.2274,19010.05,,,,38.3268,1188.13,,,,15.3306,475.25,,,,4.5994,142.58,,,,492.51,492.51,,,
Meta,2026-07-01,Jul 26,1,31,0.032258,0.032258,302017.89,302017.89,,,,919.8413,919.8413,,,,38.3268,38.3268,,,,15.3306,15.3306,,,,4.5994,4.5994,,,,328.34,328.34,,,
Meta,2026-07-02,Jul 26,2,31,0.032258,0.064516,302017.89,604035.78,,,,919.8413,1839.6826,,,,38.3268,76.6535,,,,15.3306,30.6613,,,,4.5994,9.1987,,,,328.34,328.34,,,
Meta,2026-07-03,Jul 26,3,31,0.032258,0.096774,302017.89,906053.68,,,,919.8413,2759.5239,,,,38.3268,114.9803,,,,15.3306,45.9919,,,,4.5994,13.7981,,,,328.34,328.34,,,
Meta,2026-07-04,Jul 26,4,31,0.032258,0.129032,302017.89,1208071.57,,,,919.8413,3679.3652,,,,38.3268,153.3071,,,,15.3306,61.3226,,,,4.5994,18.3974,,,,328.34,328.34,,,
Meta,2026-07-05,Jul 26,5,31,0.032258,0.16129,302017.89,1510089.46,,,,919.8413,4599.2065,,,,38.3268,191.6339,,,,15.3306,76.6532,,,,4.5994,22.9968,,,,328.34,328.34,,,
Meta,2026-07-06,Jul 26,6,31,0.032258,0.193548,302017.89,1812107.35,,,,919.8413,5519.0477,,,,38.3268,229.9606,,,,15.3306,91.9839,,,,4.5994,27.5961,,,,328.34,328.34,,,
Meta,2026-07-07,Jul 26,7,31,0.032258,0.225806,302017.89,2114125.24,,,,919.8413,6438.889,,,,38.3268,268.2874,,,,15.3306,107.3145,,,,4.5994,32.1955,,,,328.34,328.34,,,
Meta,2026-07-08,Jul 26,8,31,0.032258,0.258065,302017.89,2416143.14,,,,919.8413,7358.7303,,,,38.3268,306.6142,,,,15.3306,122.6452,,,,4.5994,36.7948,,,,328.34,328.34,,,
Meta,2026-07-09,Jul 26,9,31,0.032258,0.290323,302017.89,2718161.03,,,,919.8413,8278.5716,,,,38.3268,344.941,,,,15.3306,137.9758,,,,4.5994,41.3942,,,,328.34,328.34,,,
Meta,2026-07-10,Jul 26,10,31,0.032258,0.322581,302017.89,3020178.92,,,,919.8413,9198.4129,,,,38.3268,383.2677,,,,15.3306,153.3065,,,,4.5994,45.9935,,,,328.34,328.34,,,
Meta,2026-07-11,Jul 26,11,31,0.032258,0.354839,302017.89,3322196.81,,,,919.8413,10118.2542,,,,38.3268,421.5945,,,,15.3306,168.6371,,,,4.5994,50.5929,,,,328.34,328.34,,,
Meta,2026-07-12,Jul 26,12,31,0.032258,0.387097,302017.89,3624214.7,,,,919.8413,11038.0955,,,,38.3268,459.9213,,,,15.3306,183.9677,,,,4.5994,55.1923,,,,328.34,328.34,,,
Meta,2026-07-13,Jul 26,13,31,0.032258,0.419355,302017.89,3926232.6,,,,919.8413,11957.9368,,,,38.3268,498.2481,,,,15.3306,199.2984,,,,4.5994,59.7916,,,,328.34,328.34,,,
Meta,2026-07-14,Jul 26,14,31,0.032258,0.451613,302017.89,4228250.49,,,,919.8413,12877.7781,,,,38.3268,536.5748,,,,15.3306,214.629,,,,4.5994,64.391,,,,328.34,328.34,,,
Meta,2026-07-15,Jul 26,15,31,0.032258,0.483871,302017.89,4530268.38,,,,919.8413,13797.6194,,,,38.3268,574.9016,,,,15.3306,229.9597,,,,4.5994,68.9903,,,,328.34,328.34,,,
Meta,2026-07-16,Jul 26,16,31,0.032258,0.516129,302017.89,4832286.27,,,,919.8413,14717.4606,,,,38.3268,613.2284,,,,15.3306,245.2903,,,,4.5994,73.5897,,,,328.34,328.34,,,
Meta,2026-07-17,Jul 26,17,31,0.032258,0.548387,302017.89,5134304.16,,,,919.8413,15637.3019,,,,38.3268,651.5552,,,,15.3306,260.621,,,,4.5994,78.189,,,,328.34,328.34,,,
Meta,2026-07-18,Jul 26,18,31,0.032258,0.580645,302017.89,5436322.05,,,,919.8413,16557.1432,,,,38.3268,689.8819,,,,15.3306,275.9516,,,,4.5994,82.7884,,,,328.34,328.34,,,
Meta,2026-07-19,Jul 26,19,31,0.032258,0.612903,302017.89,5738339.95,,,,919.8413,17476.9845,,,,38.3268,728.2087,,,,15.3306,291.2823,,,,4.5994,87.3877,,,,328.34,328.34,,,
Meta,2026-07-20,Jul 26,20,31,0.032258,0.645161,302017.89,6040357.84,,,,919.8413,18396.8258,,,,38.3268,766.5355,,,,15.3306,306.6129,,,,4.5994,91.9871,,,,328.34,328.34,,,
Meta,2026-07-21,Jul 26,21,31,0.032258,0.677419,302017.89,6342375.73,,,,919.8413,19316.6671,,,,38.3268,804.8623,,,,15.3306,321.9435,,,,4.5994,96.5865,,,,328.34,328.34,,,
Meta,2026-07-22,Jul 26,22,31,0.032258,0.709677,302017.89,6644393.62,,,,919.8413,20236.5084,,,,38.3268,843.189,,,,15.3306,337.2742,,,,4.5994,101.1858,,,,328.34,328.34,,,
Meta,2026-07-23,Jul 26,23,31,0.032258,0.741935,302017.89,6946411.51,,,,919.8413,21156.3497,,,,38.3268,881.5158,,,,15.3306,352.6048,,,,4.5994,105.7852,,,,328.34,328.34,,,
Meta,2026-07-24,Jul 26,24,31,0.032258,0.774194,302017.89,7248429.41,,,,919.8413,22076.191,,,,38.3268,919.8426,,,,15.3306,367.9355,,,,4.5994,110.3845,,,,328.34,328.34,,,
Meta,2026-07-25,Jul 26,25,31,0.032258,0.806452,302017.89,7550447.3,,,,919.8413,22996.0323,,,,38.3268,958.1694,,,,15.3306,383.2661,,,,4.5994,114.9839,,,,328.34,328.34,,,
Meta,2026-07-26,Jul 26,26,31,0.032258,0.83871,302017.89,7852465.19,,,,919.8413,23915.8735,,,,38.3268,996.4961,,,,15.3306,398.5968,,,,4.5994,119.5832,,,,328.34,328.34,,,
Meta,2026-07-27,Jul 26,27,31,0.032258,0.870968,302017.89,8154483.08,,,,919.8413,24835.7148,,,,38.3268,1034.8229,,,,15.3306,413.9274,,,,4.5994,124.1826,,,,328.34,328.34,,,
Meta,2026-07-28,Jul 26,28,31,0.032258,0.903226,302017.89,8456500.97,,,,919.8413,25755.5561,,,,38.3268,1073.1497,,,,15.3306,429.2581,,,,4.5994,128.7819,,,,328.34,328.34,,,
Meta,2026-07-29,Jul 26,29,31,0.032258,0.935484,302017.89,8758518.87,,,,919.8413,26675.3974,,,,38.3268,1111.4765,,,,15.3306,444.5887,,,,4.5994,133.3813,,,,328.34,328.34,,,
Meta,2026-07-30,Jul 26,30,31,0.032258,0.967742,302017.89,9060536.76,,,,919.8413,27595.2387,,,,38.3268,1149.8032,,,,15.3306,459.9194,,,,4.5994,137.9806,,,,328.34,328.34,,,
Meta,2026-07-31,Jul 26,31,31,0.032258,1.0,302017.89,9362554.65,,,,919.8413,28515.08,,,,38.3268,1188.13,,,,15.3306,475.25,,,,4.5994,142.58,,,,328.34,328.34,,,
Google,2026-08-01,Aug 26,1,31,0.032258,0.032258,200453.69,200453.69,,,,450.8881,450.8881,,,,28.1806,28.1806,,,,11.2723,11.2723,,,,3.3816,3.3816,,,,444.58,444.58,,,
Google,2026-08-02,Aug 26,2,31,0.032258,0.064516,200453.69,400907.38,,,,450.8881,901.7761,,,,28.1806,56.3613,,,,11.2723,22.5445,,,,3.3816,6.7632,,,,444.58,444.58,,,
Google,2026-08-03,Aug 26,3,31,0.032258,0.096774,200453.69,601361.07,,,,450.8881,1352.6642,,,,28.1806,84.5419,,,,11.2723,33.8168,,,,3.3816,10.1448,,,,444.58,444.58,,,
Google,2026-08-04,Aug 26,4,31,0.032258,0.129032,200453.69,801814.77,,,,450.8881,1803.5523,,,,28.1806,112.7226,,,,11.2723,45.089,,,,3.3816,13.5265,,,,444.58,444.58,,,
Google,2026-08-05,Aug 26,5,31,0.032258,0.16129,200453.69,1002268.46,,,,450.8881,2254.4403,,,,28.1806,140.9032,,,,11.2723,56.3613,,,,3.3816,16.9081,,,,444.58,444.58,,,
Google,2026-08-06,Aug 26,6,31,0.032258,0.193548,200453.69,1202722.15,,,,450.8881,2705.3284,,,,28.1806,169.0839,,,,11.2723,67.6335,,,,3.3816,20.2897,,,,444.58,444.58,,,
Google,2026-08-07,Aug 26,7,31,0.032258,0.225806,200453.69,1403175.84,,,,450.8881,3156.2165,,,,28.1806,197.2645,,,,11.2723,78.9058,,,,3.3816,23.6713,,,,444.58,444.58,,,
Google,2026-08-08,Aug 26,8,31,0.032258,0.258065,200453.69,1603629.53,,,,450.8881,3607.1045,,,,28.1806,225.4452,,,,11.2723,90.1781,,,,3.3816,27.0529,,,,444.58,444.58,,,
Google,2026-08-09,Aug 26,9,31,0.032258,0.290323,200453.69,1804083.22,,,,450.8881,4057.9926,,,,28.1806,253.6258,,,,11.2723,101.4503,,,,3.3816,30.4345,,,,444.58,444.58,,,
Google,2026-08-10,Aug 26,10,31,0.032258,0.322581,200453.69,2004536.92,,,,450.8881,4508.8806,,,,28.1806,281.8065,,,,11.2723,112.7226,,,,3.3816,33.8161,,,,444.58,444.58,,,
Google,2026-08-11,Aug 26,11,31,0.032258,0.354839,200453.69,2204990.61,,,,450.8881,4959.7687,,,,28.1806,309.9871,,,,11.2723,123.9948,,,,3.3816,37.1977,,,,444.58,444.58,,,
Google,2026-08-12,Aug 26,12,31,0.032258,0.387097,200453.69,2405444.3,,,,450.8881,5410.6568,,,,28.1806,338.1677,,,,11.2723,135.2671,,,,3.3816,40.5794,,,,444.58,444.58,,,
Google,2026-08-13,Aug 26,13,31,0.032258,0.419355,200453.69,2605897.99,,,,450.8881,5861.5448,,,,28.1806,366.3484,,,,11.2723,146.5394,,,,3.3816,43.961,,,,444.58,444.58,,,
Google,2026-08-14,Aug 26,14,31,0.032258,0.451613,200453.69,2806351.68,,,,450.8881,6312.4329,,,,28.1806,394.529,,,,11.2723,157.8116,,,,3.3816,47.3426,,,,444.58,444.58,,,
Google,2026-08-15,Aug 26,15,31,0.032258,0.483871,200453.69,3006805.37,,,,450.8881,6763.321,,,,28.1806,422.7097,,,,11.2723,169.0839,,,,3.3816,50.7242,,,,444.58,444.58,,,
Google,2026-08-16,Aug 26,16,31,0.032258,0.516129,200453.69,3207259.07,,,,450.8881,7214.209,,,,28.1806,450.8903,,,,11.2723,180.3561,,,,3.3816,54.1058,,,,444.58,444.58,,,
Google,2026-08-17,Aug 26,17,31,0.032258,0.548387,200453.69,3407712.76,,,,450.8881,7665.0971,,,,28.1806,479.071,,,,11.2723,191.6284,,,,3.3816,57.4874,,,,444.58,444.58,,,
Google,2026-08-18,Aug 26,18,31,0.032258,0.580645,200453.69,3608166.45,,,,450.8881,8115.9852,,,,28.1806,507.2516,,,,11.2723,202.9006,,,,3.3816,60.869,,,,444.58,444.58,,,
Google,2026-08-19,Aug 26,19,31,0.032258,0.612903,200453.69,3808620.14,,,,450.8881,8566.8732,,,,28.1806,535.4323,,,,11.2723,214.1729,,,,3.3816,64.2506,,,,444.58,444.58,,,
Google,2026-08-20,Aug 26,20,31,0.032258,0.645161,200453.69,4009073.83,,,,450.8881,9017.7613,,,,28.1806,563.6129,,,,11.2723,225.4452,,,,3.3816,67.6323,,,,444.58,444.58,,,
Google,2026-08-21,Aug 26,21,31,0.032258,0.677419,200453.69,4209527.52,,,,450.8881,9468.6494,,,,28.1806,591.7935,,,,11.2723,236.7174,,,,3.3816,71.0139,,,,444.58,444.58,,,
Google,2026-08-22,Aug 26,22,31,0.032258,0.709677,200453.69,4409981.22,,,,450.8881,9919.5374,,,,28.1806,619.9742,,,,11.2723,247.9897,,,,3.3816,74.3955,,,,444.58,444.58,,,
Google,2026-08-23,Aug 26,23,31,0.032258,0.741935,200453.69,4610434.91,,,,450.8881,10370.4255,,,,28.1806,648.1548,,,,11.2723,259.2619,,,,3.3816,77.7771,,,,444.58,444.58,,,
Google,2026-08-24,Aug 26,24,31,0.032258,0.774194,200453.69,4810888.6,,,,450.8881,10821.3135,,,,28.1806,676.3355,,,,11.2723,270.5342,,,,3.3816,81.1587,,,,444.58,444.58,,,
Google,2026-08-25,Aug 26,25,31,0.032258,0.806452,200453.69,5011342.29,,,,450.8881,11272.2016,,,,28.1806,704.5161,,,,11.2723,281.8065,,,,3.3816,84.5403,,,,444.58,444.58,,,
Google,2026-08-26,Aug 26,26,31,0.032258,0.83871,200453.69,5211795.98,,,,450.8881,11723.0897,,,,28.1806,732.6968,,,,11.2723,293.0787,,,,3.3816,87.9219,,,,444.58,444.58,,,
Google,2026-08-27,Aug 26,27,31,0.032258,0.870968,200453.69,5412249.67,,,,450.8881,12173.9777,,,,28.1806,760.8774,,,,11.2723,304.351,,,,3.3816,91.3035,,,,444.58,444.58,,,
Google,2026-08-28,Aug 26,28,31,0.032258,0.903226,200453.69,5612703.37,,,,450.8881,12624.8658,,,,28.1806,789.0581,,,,11.2723,315.6232,,,,3.3816,94.6852,,,,444.58,444.58,,,
Google,2026-08-29,Aug 26,29,31,0.032258,0.935484,200453.69,5813157.06,,,,450.8881,13075.7539,,,,28.1806,817.2387,,,,11.2723,326.8955,,,,3.3816,98.0668,,,,444.58,444.58,,,
Google,2026-08-30,Aug 26,30,31,0.032258,0.967742,200453.69,6013610.75,,,,450.8881,13526.6419,,,,28.1806,845.4194,,,,11.2723,338.1677,,,,3.3816,101.4484,,,,444.58,444.58,,,
Google,2026-08-31,Aug 26,31,31,0.032258,1.0,200453.69,6214064.44,,,,450.8881,13977.53,,,,28.1806,873.6,,,,11.2723,349.44,,,,3.3816,104.83,,,,444.58,444.58,,,
Meta,2026-08-01,Aug 26,1,31,0.032258,0.032258,164007.57,164007.57,,,,553.3626,553.3626,,,,23.0568,23.0568,,,,9.2226,9.2226,,,,2.7668,2.7668,,,,296.38,296.38,,,
Meta,2026-08-02,Aug 26,2,31,0.032258,0.064516,164007.57,328015.13,,,,553.3626,1106.7252,,,,23.0568,46.1135,,,,9.2226,18.4452,,,,2.7668,5.5335,,,,296.38,296.38,,,
Meta,2026-08-03,Aug 26,3,31,0.032258,0.096774,164007.57,492022.7,,,,553.3626,1660.0877,,,,23.0568,69.1703,,,,9.2226,27.6677,,,,2.7668,8.3003,,,,296.38,296.38,,,
Meta,2026-08-04,Aug 26,4,31,0.032258,0.129032,164007.57,656030.26,,,,553.3626,2213.4503,,,,23.0568,92.2271,,,,9.2226,36.8903,,,,2.7668,11.0671,,,,296.38,296.38,,,
Meta,2026-08-05,Aug 26,5,31,0.032258,0.16129,164007.57,820037.83,,,,553.3626,2766.8129,,,,23.0568,115.2839,,,,9.2226,46.1129,,,,2.7668,13.8339,,,,296.38,296.38,,,
Meta,2026-08-06,Aug 26,6,31,0.032258,0.193548,164007.57,984045.39,,,,553.3626,3320.1755,,,,23.0568,138.3406,,,,9.2226,55.3355,,,,2.7668,16.6006,,,,296.38,296.38,,,
Meta,2026-08-07,Aug 26,7,31,0.032258,0.225806,164007.57,1148052.96,,,,553.3626,3873.5381,,,,23.0568,161.3974,,,,9.2226,64.5581,,,,2.7668,19.3674,,,,296.38,296.38,,,
Meta,2026-08-08,Aug 26,8,31,0.032258,0.258065,164007.57,1312060.53,,,,553.3626,4426.9006,,,,23.0568,184.4542,,,,9.2226,73.7806,,,,2.7668,22.1342,,,,296.38,296.38,,,
Meta,2026-08-09,Aug 26,9,31,0.032258,0.290323,164007.57,1476068.09,,,,553.3626,4980.2632,,,,23.0568,207.511,,,,9.2226,83.0032,,,,2.7668,24.901,,,,296.38,296.38,,,
Meta,2026-08-10,Aug 26,10,31,0.032258,0.322581,164007.57,1640075.66,,,,553.3626,5533.6258,,,,23.0568,230.5677,,,,9.2226,92.2258,,,,2.7668,27.6677,,,,296.38,296.38,,,
Meta,2026-08-11,Aug 26,11,31,0.032258,0.354839,164007.57,1804083.22,,,,553.3626,6086.9884,,,,23.0568,253.6245,,,,9.2226,101.4484,,,,2.7668,30.4345,,,,296.38,296.38,,,
Meta,2026-08-12,Aug 26,12,31,0.032258,0.387097,164007.57,1968090.79,,,,553.3626,6640.351,,,,23.0568,276.6813,,,,9.2226,110.671,,,,2.7668,33.2013,,,,296.38,296.38,,,
Meta,2026-08-13,Aug 26,13,31,0.032258,0.419355,164007.57,2132098.36,,,,553.3626,7193.7135,,,,23.0568,299.7381,,,,9.2226,119.8935,,,,2.7668,35.9681,,,,296.38,296.38,,,
Meta,2026-08-14,Aug 26,14,31,0.032258,0.451613,164007.57,2296105.92,,,,553.3626,7747.0761,,,,23.0568,322.7948,,,,9.2226,129.1161,,,,2.7668,38.7348,,,,296.38,296.38,,,
Meta,2026-08-15,Aug 26,15,31,0.032258,0.483871,164007.57,2460113.49,,,,553.3626,8300.4387,,,,23.0568,345.8516,,,,9.2226,138.3387,,,,2.7668,41.5016,,,,296.38,296.38,,,
Meta,2026-08-16,Aug 26,16,31,0.032258,0.516129,164007.57,2624121.05,,,,553.3626,8853.8013,,,,23.0568,368.9084,,,,9.2226,147.5613,,,,2.7668,44.2684,,,,296.38,296.38,,,
Meta,2026-08-17,Aug 26,17,31,0.032258,0.548387,164007.57,2788128.62,,,,553.3626,9407.1639,,,,23.0568,391.9652,,,,9.2226,156.7839,,,,2.7668,47.0352,,,,296.38,296.38,,,
Meta,2026-08-18,Aug 26,18,31,0.032258,0.580645,164007.57,2952136.18,,,,553.3626,9960.5265,,,,23.0568,415.0219,,,,9.2226,166.0065,,,,2.7668,49.8019,,,,296.38,296.38,,,
Meta,2026-08-19,Aug 26,19,31,0.032258,0.612903,164007.57,3116143.75,,,,553.3626,10513.889,,,,23.0568,438.0787,,,,9.2226,175.229,,,,2.7668,52.5687,,,,296.38,296.38,,,
Meta,2026-08-20,Aug 26,20,31,0.032258,0.645161,164007.57,3280151.32,,,,553.3626,11067.2516,,,,23.0568,461.1355,,,,9.2226,184.4516,,,,2.7668,55.3355,,,,296.38,296.38,,,
Meta,2026-08-21,Aug 26,21,31,0.032258,0.677419,164007.57,3444158.88,,,,553.3626,11620.6142,,,,23.0568,484.1923,,,,9.2226,193.6742,,,,2.7668,58.1023,,,,296.38,296.38,,,
Meta,2026-08-22,Aug 26,22,31,0.032258,0.709677,164007.57,3608166.45,,,,553.3626,12173.9768,,,,23.0568,507.249,,,,9.2226,202.8968,,,,2.7668,60.869,,,,296.38,296.38,,,
Meta,2026-08-23,Aug 26,23,31,0.032258,0.741935,164007.57,3772174.01,,,,553.3626,12727.3394,,,,23.0568,530.3058,,,,9.2226,212.1194,,,,2.7668,63.6358,,,,296.38,296.38,,,
Meta,2026-08-24,Aug 26,24,31,0.032258,0.774194,164007.57,3936181.58,,,,553.3626,13280.7019,,,,23.0568,553.3626,,,,9.2226,221.3419,,,,2.7668,66.4026,,,,296.38,296.38,,,
Meta,2026-08-25,Aug 26,25,31,0.032258,0.806452,164007.57,4100189.15,,,,553.3626,13834.0645,,,,23.0568,576.4194,,,,9.2226,230.5645,,,,2.7668,69.1694,,,,296.38,296.38,,,
Meta,2026-08-26,Aug 26,26,31,0.032258,0.83871,164007.57,4264196.71,,,,553.3626,14387.4271,,,,23.0568,599.4761,,,,9.2226,239.7871,,,,2.7668,71.9361,,,,296.38,296.38,,,
Meta,2026-08-27,Aug 26,27,31,0.032258,0.870968,164007.57,4428204.28,,,,553.3626,14940.7897,,,,23.0568,622.5329,,,,9.2226,249.0097,,,,2.7668,74.7029,,,,296.38,296.38,,,
Meta,2026-08-28,Aug 26,28,31,0.032258,0.903226,164007.57,4592211.84,,,,553.3626,15494.1523,,,,23.0568,645.5897,,,,9.2226,258.2323,,,,2.7668,77.4697,,,,296.38,296.38,,,
Meta,2026-08-29,Aug 26,29,31,0.032258,0.935484,164007.57,4756219.41,,,,553.3626,16047.5148,,,,23.0568,668.6465,,,,9.2226,267.4548,,,,2.7668,80.2365,,,,296.38,296.38,,,
Meta,2026-08-30,Aug 26,30,31,0.032258,0.967742,164007.57,4920226.97,,,,553.3626,16600.8774,,,,23.0568,691.7032,,,,9.2226,276.6774,,,,2.7668,83.0032,,,,296.38,296.38,,,
Meta,2026-08-31,Aug 26,31,31,0.032258,1.0,164007.57,5084234.54,,,,553.3626,17154.24,,,,23.0568,714.76,,,,9.2226,285.9,,,,2.7668,85.77,,,,296.38,296.38,,,
Google,2026-09-01,Sep 26,1,30,0.033333,0.033333,159333.57,159333.57,,,,371.4767,371.4767,,,,23.2173,23.2173,,,,9.287,9.287,,,,2.786,2.786,,,,428.92,428.92,,,
Google,2026-09-02,Sep 26,2,30,0.033333,0.066667,159333.57,318667.13,,,,371.4767,742.9533,,,,23.2173,46.4347,,,,9.287,18.574,,,,2.786,5.572,,,,428.92,428.92,,,
Google,2026-09-03,Sep 26,3,30,0.033333,0.1,159333.57,478000.7,,,,371.4767,1114.43,,,,23.2173,69.652,,,,9.287,27.861,,,,2.786,8.358,,,,428.92,428.92,,,
Google,2026-09-04,Sep 26,4,30,0.033333,0.133333,159333.57,637334.26,,,,371.4767,1485.9067,,,,23.2173,92.8693,,,,9.287,37.148,,,,2.786,11.144,,,,428.92,428.92,,,
Google,2026-09-05,Sep 26,5,30,0.033333,0.166667,159333.57,796667.83,,,,371.4767,1857.3833,,,,23.2173,116.0867,,,,9.287,46.435,,,,2.786,13.93,,,,428.92,428.92,,,
Google,2026-09-06,Sep 26,6,30,0.033333,0.2,159333.57,956001.39,,,,371.4767,2228.86,,,,23.2173,139.304,,,,9.287,55.722,,,,2.786,16.716,,,,428.92,428.92,,,
Google,2026-09-07,Sep 26,7,30,0.033333,0.233333,159333.57,1115334.96,,,,371.4767,2600.3367,,,,23.2173,162.5213,,,,9.287,65.009,,,,2.786,19.502,,,,428.92,428.92,,,
Google,2026-09-08,Sep 26,8,30,0.033333,0.266667,159333.57,1274668.53,,,,371.4767,2971.8133,,,,23.2173,185.7387,,,,9.287,74.296,,,,2.786,22.288,,,,428.92,428.92,,,
Google,2026-09-09,Sep 26,9,30,0.033333,0.3,159333.57,1434002.09,,,,371.4767,3343.29,,,,23.2173,208.956,,,,9.287,83.583,,,,2.786,25.074,,,,428.92,428.92,,,
Google,2026-09-10,Sep 26,10,30,0.033333,0.333333,159333.57,1593335.66,,,,371.4767,3714.7667,,,,23.2173,232.1733,,,,9.287,92.87,,,,2.786,27.86,,,,428.92,428.92,,,
Google,2026-09-11,Sep 26,11,30,0.033333,0.366667,159333.57,1752669.22,,,,371.4767,4086.2433,,,,23.2173,255.3907,,,,9.287,102.157,,,,2.786,30.646,,,,428.92,428.92,,,
Google,2026-09-12,Sep 26,12,30,0.033333,0.4,159333.57,1912002.79,,,,371.4767,4457.72,,,,23.2173,278.608,,,,9.287,111.444,,,,2.786,33.432,,,,428.92,428.92,,,
Google,2026-09-13,Sep 26,13,30,0.033333,0.433333,159333.57,2071336.35,,,,371.4767,4829.1967,,,,23.2173,301.8253,,,,9.287,120.731,,,,2.786,36.218,,,,428.92,428.92,,,
Google,2026-09-14,Sep 26,14,30,0.033333,0.466667,159333.57,2230669.92,,,,371.4767,5200.6733,,,,23.2173,325.0427,,,,9.287,130.018,,,,2.786,39.004,,,,428.92,428.92,,,
Google,2026-09-15,Sep 26,15,30,0.033333,0.5,159333.57,2390003.48,,,,371.4767,5572.15,,,,23.2173,348.26,,,,9.287,139.305,,,,2.786,41.79,,,,428.92,428.92,,,
Google,2026-09-16,Sep 26,16,30,0.033333,0.533333,159333.57,2549337.05,,,,371.4767,5943.6267,,,,23.2173,371.4773,,,,9.287,148.592,,,,2.786,44.576,,,,428.92,428.92,,,
Google,2026-09-17,Sep 26,17,30,0.033333,0.566667,159333.57,2708670.62,,,,371.4767,6315.1033,,,,23.2173,394.6947,,,,9.287,157.879,,,,2.786,47.362,,,,428.92,428.92,,,
Google,2026-09-18,Sep 26,18,30,0.033333,0.6,159333.57,2868004.18,,,,371.4767,6686.58,,,,23.2173,417.912,,,,9.287,167.166,,,,2.786,50.148,,,,428.92,428.92,,,
Google,2026-09-19,Sep 26,19,30,0.033333,0.633333,159333.57,3027337.75,,,,371.4767,7058.0567,,,,23.2173,441.1293,,,,9.287,176.453,,,,2.786,52.934,,,,428.92,428.92,,,
Google,2026-09-20,Sep 26,20,30,0.033333,0.666667,159333.57,3186671.31,,,,371.4767,7429.5333,,,,23.2173,464.3467,,,,9.287,185.74,,,,2.786,55.72,,,,428.92,428.92,,,
Google,2026-09-21,Sep 26,21,30,0.033333,0.7,159333.57,3346004.88,,,,371.4767,7801.01,,,,23.2173,487.564,,,,9.287,195.027,,,,2.786,58.506,,,,428.92,428.92,,,
Google,2026-09-22,Sep 26,22,30,0.033333,0.733333,159333.57,3505338.44,,,,371.4767,8172.4867,,,,23.2173,510.7813,,,,9.287,204.314,,,,2.786,61.292,,,,428.92,428.92,,,
Google,2026-09-23,Sep 26,23,30,0.033333,0.766667,159333.57,3664672.01,,,,371.4767,8543.9633,,,,23.2173,533.9987,,,,9.287,213.601,,,,2.786,64.078,,,,428.92,428.92,,,
Google,2026-09-24,Sep 26,24,30,0.033333,0.8,159333.57,3824005.58,,,,371.4767,8915.44,,,,23.2173,557.216,,,,9.287,222.888,,,,2.786,66.864,,,,428.92,428.92,,,
Google,2026-09-25,Sep 26,25,30,0.033333,0.833333,159333.57,3983339.14,,,,371.4767,9286.9167,,,,23.2173,580.4333,,,,9.287,232.175,,,,2.786,69.65,,,,428.92,428.92,,,
Google,2026-09-26,Sep 26,26,30,0.033333,0.866667,159333.57,4142672.71,,,,371.4767,9658.3933,,,,23.2173,603.6507,,,,9.287,241.462,,,,2.786,72.436,,,,428.92,428.92,,,
Google,2026-09-27,Sep 26,27,30,0.033333,0.9,159333.57,4302006.27,,,,371.4767,10029.87,,,,23.2173,626.868,,,,9.287,250.749,,,,2.786,75.222,,,,428.92,428.92,,,
Google,2026-09-28,Sep 26,28,30,0.033333,0.933333,159333.57,4461339.84,,,,371.4767,10401.3467,,,,23.2173,650.0853,,,,9.287,260.036,,,,2.786,78.008,,,,428.92,428.92,,,
Google,2026-09-29,Sep 26,29,30,0.033333,0.966667,159333.57,4620673.4,,,,371.4767,10772.8233,,,,23.2173,673.3027,,,,9.287,269.323,,,,2.786,80.794,,,,428.92,428.92,,,
Google,2026-09-30,Sep 26,30,30,0.033333,1.0,159333.57,4780006.97,,,,371.4767,11144.3,,,,23.2173,696.52,,,,9.287,278.61,,,,2.786,83.58,,,,428.92,428.92,,,
Meta,2026-09-01,Sep 26,1,30,0.033333,0.033333,106222.38,106222.38,,,,371.4767,371.4767,,,,15.4783,15.4783,,,,6.1913,6.1913,,,,1.8573,1.8573,,,,285.95,285.95,,,
Meta,2026-09-02,Sep 26,2,30,0.033333,0.066667,106222.38,212444.75,,,,371.4767,742.9533,,,,15.4783,30.9567,,,,6.1913,12.3827,,,,1.8573,3.7147,,,,285.95,285.95,,,
Meta,2026-09-03,Sep 26,3,30,0.033333,0.1,106222.38,318667.13,,,,371.4767,1114.43,,,,15.4783,46.435,,,,6.1913,18.574,,,,1.8573,5.572,,,,285.95,285.95,,,
Meta,2026-09-04,Sep 26,4,30,0.033333,0.133333,106222.38,424889.51,,,,371.4767,1485.9067,,,,15.4783,61.9133,,,,6.1913,24.7653,,,,1.8573,7.4293,,,,285.95,285.95,,,
Meta,2026-09-05,Sep 26,5,30,0.033333,0.166667,106222.38,531111.89,,,,371.4767,1857.3833,,,,15.4783,77.3917,,,,6.1913,30.9567,,,,1.8573,9.2867,,,,285.95,285.95,,,
Meta,2026-09-06,Sep 26,6,30,0.033333,0.2,106222.38,637334.26,,,,371.4767,2228.86,,,,15.4783,92.87,,,,6.1913,37.148,,,,1.8573,11.144,,,,285.95,285.95,,,
Meta,2026-09-07,Sep 26,7,30,0.033333,0.233333,106222.38,743556.64,,,,371.4767,2600.3367,,,,15.4783,108.3483,,,,6.1913,43.3393,,,,1.8573,13.0013,,,,285.95,285.95,,,
Meta,2026-09-08,Sep 26,8,30,0.033333,0.266667,106222.38,849779.02,,,,371.4767,2971.8133,,,,15.4783,123.8267,,,,6.1913,49.5307,,,,1.8573,14.8587,,,,285.95,285.95,,,
Meta,2026-09-09,Sep 26,9,30,0.033333,0.3,106222.38,956001.39,,,,371.4767,3343.29,,,,15.4783,139.305,,,,6.1913,55.722,,,,1.8573,16.716,,,,285.95,285.95,,,
Meta,2026-09-10,Sep 26,10,30,0.033333,0.333333,106222.38,1062223.77,,,,371.4767,3714.7667,,,,15.4783,154.7833,,,,6.1913,61.9133,,,,1.8573,18.5733,,,,285.95,285.95,,,
Meta,2026-09-11,Sep 26,11,30,0.033333,0.366667,106222.38,1168446.15,,,,371.4767,4086.2433,,,,15.4783,170.2617,,,,6.1913,68.1047,,,,1.8573,20.4307,,,,285.95,285.95,,,
Meta,2026-09-12,Sep 26,12,30,0.033333,0.4,106222.38,1274668.52,,,,371.4767,4457.72,,,,15.4783,185.74,,,,6.1913,74.296,,,,1.8573,22.288,,,,285.95,285.95,,,
Meta,2026-09-13,Sep 26,13,30,0.033333,0.433333,106222.38,1380890.9,,,,371.4767,4829.1967,,,,15.4783,201.2183,,,,6.1913,80.4873,,,,1.8573,24.1453,,,,285.95,285.95,,,
Meta,2026-09-14,Sep 26,14,30,0.033333,0.466667,106222.38,1487113.28,,,,371.4767,5200.6733,,,,15.4783,216.6967,,,,6.1913,86.6787,,,,1.8573,26.0027,,,,285.95,285.95,,,
Meta,2026-09-15,Sep 26,15,30,0.033333,0.5,106222.38,1593335.66,,,,371.4767,5572.15,,,,15.4783,232.175,,,,6.1913,92.87,,,,1.8573,27.86,,,,285.95,285.95,,,
Meta,2026-09-16,Sep 26,16,30,0.033333,0.533333,106222.38,1699558.03,,,,371.4767,5943.6267,,,,15.4783,247.6533,,,,6.1913,99.0613,,,,1.8573,29.7173,,,,285.95,285.95,,,
Meta,2026-09-17,Sep 26,17,30,0.033333,0.566667,106222.38,1805780.41,,,,371.4767,6315.1033,,,,15.4783,263.1317,,,,6.1913,105.2527,,,,1.8573,31.5747,,,,285.95,285.95,,,
Meta,2026-09-18,Sep 26,18,30,0.033333,0.6,106222.38,1912002.79,,,,371.4767,6686.58,,,,15.4783,278.61,,,,6.1913,111.444,,,,1.8573,33.432,,,,285.95,285.95,,,
Meta,2026-09-19,Sep 26,19,30,0.033333,0.633333,106222.38,2018225.16,,,,371.4767,7058.0567,,,,15.4783,294.0883,,,,6.1913,117.6353,,,,1.8573,35.2893,,,,285.95,285.95,,,
Meta,2026-09-20,Sep 26,20,30,0.033333,0.666667,106222.38,2124447.54,,,,371.4767,7429.5333,,,,15.4783,309.5667,,,,6.1913,123.8267,,,,1.8573,37.1467,,,,285.95,285.95,,,
Meta,2026-09-21,Sep 26,21,30,0.033333,0.7,106222.38,2230669.92,,,,371.4767,7801.01,,,,15.4783,325.045,,,,6.1913,130.018,,,,1.8573,39.004,,,,285.95,285.95,,,
Meta,2026-09-22,Sep 26,22,30,0.033333,0.733333,106222.38,2336892.29,,,,371.4767,8172.4867,,,,15.4783,340.5233,,,,6.1913,136.2093,,,,1.8573,40.8613,,,,285.95,285.95,,,
Meta,2026-09-23,Sep 26,23,30,0.033333,0.766667,106222.38,2443114.67,,,,371.4767,8543.9633,,,,15.4783,356.0017,,,,6.1913,142.4007,,,,1.8573,42.7187,,,,285.95,285.95,,,
Meta,2026-09-24,Sep 26,24,30,0.033333,0.8,106222.38,2549337.05,,,,371.4767,8915.44,,,,15.4783,371.48,,,,6.1913,148.592,,,,1.8573,44.576,,,,285.95,285.95,,,
Meta,2026-09-25,Sep 26,25,30,0.033333,0.833333,106222.38,2655559.43,,,,371.4767,9286.9167,,,,15.4783,386.9583,,,,6.1913,154.7833,,,,1.8573,46.4333,,,,285.95,285.95,,,
Meta,2026-09-26,Sep 26,26,30,0.033333,0.866667,106222.38,2761781.8,,,,371.4767,9658.3933,,,,15.4783,402.4367,,,,6.1913,160.9747,,,,1.8573,48.2907,,,,285.95,285.95,,,
Meta,2026-09-27,Sep 26,27,30,0.033333,0.9,106222.38,2868004.18,,,,371.4767,10029.87,,,,15.4783,417.915,,,,6.1913,167.166,,,,1.8573,50.148,,,,285.95,285.95,,,
Meta,2026-09-28,Sep 26,28,30,0.033333,0.933333,106222.38,2974226.56,,,,371.4767,10401.3467,,,,15.4783,433.3933,,,,6.1913,173.3573,,,,1.8573,52.0053,,,,285.95,285.95,,,
Meta,2026-09-29,Sep 26,29,30,0.033333,0.966667,106222.38,3080448.93,,,,371.4767,10772.8233,,,,15.4783,448.8717,,,,6.1913,179.5487,,,,1.8573,53.8627,,,,285.95,285.95,,,
Meta,2026-09-30,Sep 26,30,30,0.033333,1.0,106222.38,3186671.31,,,,371.4767,11144.3,,,,15.4783,464.35,,,,6.1913,185.74,,,,1.8573,55.72,,,,285.95,285.95,,,
Google,2026-10-01,Oct 26,1,31,0.032258,0.032258,131970.59,131970.59,,,,317.7145,317.7145,,,,19.8571,19.8571,,,,7.9429,7.9429,,,,2.3829,2.3829,,,,415.37,415.37,,,
Google,2026-10-02,Oct 26,2,31,0.032258,0.064516,131970.59,263941.18,,,,317.7145,635.429,,,,19.8571,39.7142,,,,7.9429,15.8858,,,,2.3829,4.7658,,,,415.37,415.37,,,
Google,2026-10-03,Oct 26,3,31,0.032258,0.096774,131970.59,395911.76,,,,317.7145,953.1435,,,,19.8571,59.5713,,,,7.9429,23.8287,,,,2.3829,7.1487,,,,415.37,415.37,,,
Google,2026-10-04,Oct 26,4,31,0.032258,0.129032,131970.59,527882.35,,,,317.7145,1270.8581,,,,19.8571,79.4284,,,,7.9429,31.7716,,,,2.3829,9.5316,,,,415.37,415.37,,,
Google,2026-10-05,Oct 26,5,31,0.032258,0.16129,131970.59,659852.94,,,,317.7145,1588.5726,,,,19.8571,99.2855,,,,7.9429,39.7145,,,,2.3829,11.9145,,,,415.37,415.37,,,
Google,2026-10-06,Oct 26,6,31,0.032258,0.193548,131970.59,791823.53,,,,317.7145,1906.2871,,,,19.8571,119.1426,,,,7.9429,47.6574,,,,2.3829,14.2974,,,,415.37,415.37,,,
Google,2026-10-07,Oct 26,7,31,0.032258,0.225806,131970.59,923794.11,,,,317.7145,2224.0016,,,,19.8571,138.9997,,,,7.9429,55.6003,,,,2.3829,16.6803,,,,415.37,415.37,,,
Google,2026-10-08,Oct 26,8,31,0.032258,0.258065,131970.59,1055764.7,,,,317.7145,2541.7161,,,,19.8571,158.8568,,,,7.9429,63.5432,,,,2.3829,19.0632,,,,415.37,415.37,,,
Google,2026-10-09,Oct 26,9,31,0.032258,0.290323,131970.59,1187735.29,,,,317.7145,2859.4306,,,,19.8571,178.7139,,,,7.9429,71.4861,,,,2.3829,21.4461,,,,415.37,415.37,,,
Google,2026-10-10,Oct 26,10,31,0.032258,0.322581,131970.59,1319705.88,,,,317.7145,3177.1452,,,,19.8571,198.571,,,,7.9429,79.429,,,,2.3829,23.829,,,,415.37,415.37,,,
Google,2026-10-11,Oct 26,11,31,0.032258,0.354839,131970.59,1451676.47,,,,317.7145,3494.8597,,,,19.8571,218.4281,,,,7.9429,87.3719,,,,2.3829,26.2119,,,,415.37,415.37,,,
Google,2026-10-12,Oct 26,12,31,0.032258,0.387097,131970.59,1583647.05,,,,317.7145,3812.5742,,,,19.8571,238.2852,,,,7.9429,95.3148,,,,2.3829,28.5948,,,,415.37,415.37,,,
Google,2026-10-13,Oct 26,13,31,0.032258,0.419355,131970.59,1715617.64,,,,317.7145,4130.2887,,,,19.8571,258.1423,,,,7.9429,103.2577,,,,2.3829,30.9777,,,,415.37,415.37,,,
Google,2026-10-14,Oct 26,14,31,0.032258,0.451613,131970.59,1847588.23,,,,317.7145,4448.0032,,,,19.8571,277.9994,,,,7.9429,111.2006,,,,2.3829,33.3606,,,,415.37,415.37,,,
Google,2026-10-15,Oct 26,15,31,0.032258,0.483871,131970.59,1979558.82,,,,317.7145,4765.7177,,,,19.8571,297.8565,,,,7.9429,119.1435,,,,2.3829,35.7435,,,,415.37,415.37,,,
Google,2026-10-16,Oct 26,16,31,0.032258,0.516129,131970.59,2111529.4,,,,317.7145,5083.4323,,,,19.8571,317.7135,,,,7.9429,127.0865,,,,2.3829,38.1265,,,,415.37,415.37,,,
Google,2026-10-17,Oct 26,17,31,0.032258,0.548387,131970.59,2243499.99,,,,317.7145,5401.1468,,,,19.8571,337.5706,,,,7.9429,135.0294,,,,2.3829,40.5094,,,,415.37,415.37,,,
Google,2026-10-18,Oct 26,18,31,0.032258,0.580645,131970.59,2375470.58,,,,317.7145,5718.8613,,,,19.8571,357.4277,,,,7.9429,142.9723,,,,2.3829,42.8923,,,,415.37,415.37,,,
Google,2026-10-19,Oct 26,19,31,0.032258,0.612903,131970.59,2507441.17,,,,317.7145,6036.5758,,,,19.8571,377.2848,,,,7.9429,150.9152,,,,2.3829,45.2752,,,,415.37,415.37,,,
Google,2026-10-20,Oct 26,20,31,0.032258,0.645161,131970.59,2639411.75,,,,317.7145,6354.2903,,,,19.8571,397.1419,,,,7.9429,158.8581,,,,2.3829,47.6581,,,,415.37,415.37,,,
Google,2026-10-21,Oct 26,21,31,0.032258,0.677419,131970.59,2771382.34,,,,317.7145,6672.0048,,,,19.8571,416.999,,,,7.9429,166.801,,,,2.3829,50.041,,,,415.37,415.37,,,
Google,2026-10-22,Oct 26,22,31,0.032258,0.709677,131970.59,2903352.93,,,,317.7145,6989.7194,,,,19.8571,436.8561,,,,7.9429,174.7439,,,,2.3829,52.4239,,,,415.37,415.37,,,
Google,2026-10-23,Oct 26,23,31,0.032258,0.741935,131970.59,3035323.52,,,,317.7145,7307.4339,,,,19.8571,456.7132,,,,7.9429,182.6868,,,,2.3829,54.8068,,,,415.37,415.37,,,
Google,2026-10-24,Oct 26,24,31,0.032258,0.774194,131970.59,3167294.11,,,,317.7145,7625.1484,,,,19.8571,476.5703,,,,7.9429,190.6297,,,,2.3829,57.1897,,,,415.37,415.37,,,
Google,2026-10-25,Oct 26,25,31,0.032258,0.806452,131970.59,3299264.69,,,,317.7145,7942.8629,,,,19.8571,496.4274,,,,7.9429,198.5726,,,,2.3829,59.5726,,,,415.37,415.37,,,
Google,2026-10-26,Oct 26,26,31,0.032258,0.83871,131970.59,3431235.28,,,,317.7145,8260.5774,,,,19.8571,516.2845,,,,7.9429,206.5155,,,,2.3829,61.9555,,,,415.37,415.37,,,
Google,2026-10-27,Oct 26,27,31,0.032258,0.870968,131970.59,3563205.87,,,,317.7145,8578.2919,,,,19.8571,536.1416,,,,7.9429,214.4584,,,,2.3829,64.3384,,,,415.37,415.37,,,
Google,2026-10-28,Oct 26,28,31,0.032258,0.903226,131970.59,3695176.46,,,,317.7145,8896.0065,,,,19.8571,555.9987,,,,7.9429,222.4013,,,,2.3829,66.7213,,,,415.37,415.37,,,
Google,2026-10-29,Oct 26,29,31,0.032258,0.935484,131970.59,3827147.04,,,,317.7145,9213.721,,,,19.8571,575.8558,,,,7.9429,230.3442,,,,2.3829,69.1042,,,,415.37,415.37,,,
Google,2026-10-30,Oct 26,30,31,0.032258,0.967742,131970.59,3959117.63,,,,317.7145,9531.4355,,,,19.8571,595.7129,,,,7.9429,238.2871,,,,2.3829,71.4871,,,,415.37,415.37,,,
Google,2026-10-31,Oct 26,31,31,0.032258,1.0,131970.59,4091088.22,,,,317.7145,9849.15,,,,19.8571,615.57,,,,7.9429,246.23,,,,2.3829,73.87,,,,415.37,415.37,,,
Meta,2026-10-01,Oct 26,1,31,0.032258,0.032258,87980.39,87980.39,,,,317.7145,317.7145,,,,13.2381,13.2381,,,,5.2952,5.2952,,,,1.5887,1.5887,,,,276.92,276.92,,,
Meta,2026-10-02,Oct 26,2,31,0.032258,0.064516,87980.39,175960.78,,,,317.7145,635.429,,,,13.2381,26.4761,,,,5.2952,10.5903,,,,1.5887,3.1774,,,,276.92,276.92,,,
Meta,2026-10-03,Oct 26,3,31,0.032258,0.096774,87980.39,263941.18,,,,317.7145,953.1435,,,,13.2381,39.7142,,,,5.2952,15.8855,,,,1.5887,4.7661,,,,276.92,276.92,,,
Meta,2026-10-04,Oct 26,4,31,0.032258,0.129032,87980.39,351921.57,,,,317.7145,1270.8581,,,,13.2381,52.9523,,,,5.2952,21.1806,,,,1.5887,6.3548,,,,276.92,276.92,,,
Meta,2026-10-05,Oct 26,5,31,0.032258,0.16129,87980.39,439901.96,,,,317.7145,1588.5726,,,,13.2381,66.1903,,,,5.2952,26.4758,,,,1.5887,7.9435,,,,276.92,276.92,,,
Meta,2026-10-06,Oct 26,6,31,0.032258,0.193548,87980.39,527882.35,,,,317.7145,1906.2871,,,,13.2381,79.4284,,,,5.2952,31.771,,,,1.5887,9.5323,,,,276.92,276.92,,,
Meta,2026-10-07,Oct 26,7,31,0.032258,0.225806,87980.39,615862.74,,,,317.7145,2224.0016,,,,13.2381,92.6665,,,,5.2952,37.0661,,,,1.5887,11.121,,,,276.92,276.92,,,
Meta,2026-10-08,Oct 26,8,31,0.032258,0.258065,87980.39,703843.14,,,,317.7145,2541.7161,,,,13.2381,105.9045,,,,5.2952,42.3613,,,,1.5887,12.7097,,,,276.92,276.92,,,
Meta,2026-10-09,Oct 26,9,31,0.032258,0.290323,87980.39,791823.53,,,,317.7145,2859.4306,,,,13.2381,119.1426,,,,5.2952,47.6565,,,,1.5887,14.2984,,,,276.92,276.92,,,
Meta,2026-10-10,Oct 26,10,31,0.032258,0.322581,87980.39,879803.92,,,,317.7145,3177.1452,,,,13.2381,132.3806,,,,5.2952,52.9516,,,,1.5887,15.8871,,,,276.92,276.92,,,
Meta,2026-10-11,Oct 26,11,31,0.032258,0.354839,87980.39,967784.31,,,,317.7145,3494.8597,,,,13.2381,145.6187,,,,5.2952,58.2468,,,,1.5887,17.4758,,,,276.92,276.92,,,
Meta,2026-10-12,Oct 26,12,31,0.032258,0.387097,87980.39,1055764.7,,,,317.7145,3812.5742,,,,13.2381,158.8568,,,,5.2952,63.5419,,,,1.5887,19.0645,,,,276.92,276.92,,,
Meta,2026-10-13,Oct 26,13,31,0.032258,0.419355,87980.39,1143745.1,,,,317.7145,4130.2887,,,,13.2381,172.0948,,,,5.2952,68.8371,,,,1.5887,20.6532,,,,276.92,276.92,,,
Meta,2026-10-14,Oct 26,14,31,0.032258,0.451613,87980.39,1231725.49,,,,317.7145,4448.0032,,,,13.2381,185.3329,,,,5.2952,74.1323,,,,1.5887,22.2419,,,,276.92,276.92,,,
Meta,2026-10-15,Oct 26,15,31,0.032258,0.483871,87980.39,1319705.88,,,,317.7145,4765.7177,,,,13.2381,198.571,,,,5.2952,79.4274,,,,1.5887,23.8306,,,,276.92,276.92,,,
Meta,2026-10-16,Oct 26,16,31,0.032258,0.516129,87980.39,1407686.27,,,,317.7145,5083.4323,,,,13.2381,211.809,,,,5.2952,84.7226,,,,1.5887,25.4194,,,,276.92,276.92,,,
Meta,2026-10-17,Oct 26,17,31,0.032258,0.548387,87980.39,1495666.66,,,,317.7145,5401.1468,,,,13.2381,225.0471,,,,5.2952,90.0177,,,,1.5887,27.0081,,,,276.92,276.92,,,
Meta,2026-10-18,Oct 26,18,31,0.032258,0.580645,87980.39,1583647.05,,,,317.7145,5718.8613,,,,13.2381,238.2852,,,,5.2952,95.3129,,,,1.5887,28.5968,,,,276.92,276.92,,,
Meta,2026-10-19,Oct 26,19,31,0.032258,0.612903,87980.39,1671627.45,,,,317.7145,6036.5758,,,,13.2381,251.5232,,,,5.2952,100.6081,,,,1.5887,30.1855,,,,276.92,276.92,,,
Meta,2026-10-20,Oct 26,20,31,0.032258,0.645161,87980.39,1759607.84,,,,317.7145,6354.2903,,,,13.2381,264.7613,,,,5.2952,105.9032,,,,1.5887,31.7742,,,,276.92,276.92,,,
Meta,2026-10-21,Oct 26,21,31,0.032258,0.677419,87980.39,1847588.23,,,,317.7145,6672.0048,,,,13.2381,277.9994,,,,5.2952,111.1984,,,,1.5887,33.3629,,,,276.92,276.92,,,
Meta,2026-10-22,Oct 26,22,31,0.032258,0.709677,87980.39,1935568.62,,,,317.7145,6989.7194,,,,13.2381,291.2374,,,,5.2952,116.4935,,,,1.5887,34.9516,,,,276.92,276.92,,,
Meta,2026-10-23,Oct 26,23,31,0.032258,0.741935,87980.39,2023549.01,,,,317.7145,7307.4339,,,,13.2381,304.4755,,,,5.2952,121.7887,,,,1.5887,36.5403,,,,276.92,276.92,,,
Meta,2026-10-24,Oct 26,24,31,0.032258,0.774194,87980.39,2111529.41,,,,317.7145,7625.1484,,,,13.2381,317.7135,,,,5.2952,127.0839,,,,1.5887,38.129,,,,276.92,276.92,,,
Meta,2026-10-25,Oct 26,25,31,0.032258,0.806452,87980.39,2199509.8,,,,317.7145,7942.8629,,,,13.2381,330.9516,,,,5.2952,132.379,,,,1.5887,39.7177,,,,276.92,276.92,,,
Meta,2026-10-26,Oct 26,26,31,0.032258,0.83871,87980.39,2287490.19,,,,317.7145,8260.5774,,,,13.2381,344.1897,,,,5.2952,137.6742,,,,1.5887,41.3065,,,,276.92,276.92,,,
Meta,2026-10-27,Oct 26,27,31,0.032258,0.870968,87980.39,2375470.58,,,,317.7145,8578.2919,,,,13.2381,357.4277,,,,5.2952,142.9694,,,,1.5887,42.8952,,,,276.92,276.92,,,
Meta,2026-10-28,Oct 26,28,31,0.032258,0.903226,87980.39,2463450.97,,,,317.7145,8896.0065,,,,13.2381,370.6658,,,,5.2952,148.2645,,,,1.5887,44.4839,,,,276.92,276.92,,,
Meta,2026-10-29,Oct 26,29,31,0.032258,0.935484,87980.39,2551431.37,,,,317.7145,9213.721,,,,13.2381,383.9039,,,,5.2952,153.5597,,,,1.5887,46.0726,,,,276.92,276.92,,,
Meta,2026-10-30,Oct 26,30,31,0.032258,0.967742,87980.39,2639411.76,,,,317.7145,9531.4355,,,,13.2381,397.1419,,,,5.2952,158.8548,,,,1.5887,47.6613,,,,276.92,276.92,,,
Meta,2026-10-31,Oct 26,31,31,0.032258,1.0,87980.39,2727392.15,,,,317.7145,9849.15,,,,13.2381,410.38,,,,5.2952,164.15,,,,1.5887,49.25,,,,276.92,276.92,,,
