date,month,day_of_month,days_in_month,day_weight,pacing_pct_mtd,target_spend_day,target_spend_mtd,actual_spend_day,actual_spend_mtd,spend_var_pct_mtd,target_leads_day,target_leads_mtd,actual_leads_day,actual_leads_mtd,lead_var_pct_mtd,target_appointments_day,target_appointments_mtd,actual_appointments_day,actual_appointments_mtd,appointment_var_pct_mtd,target_demos_day,target_demos_mtd,actual_demos_day,actual_demos_mtd,demo_var_pct_mtd,target_enrollments_day,target_enrollments_mtd,actual_enrollments_day,actual_enrollments_mtd,enrollment_var_pct_mtd,target_cpl_month,target_cpl_mtd_implied,actual_cpl_mtd,cpl_var_pct_mtd,notes
2026-03-01,Mar 26,1,31,0.032258,0.032258,352422.46,352422.46,,,,1028.7668,1028.7668,,,,51.4384,51.4384,,,,20.5755,20.5755,,,,6.1726,6.1726,,,,342.57,342.57,,,
2026-03-02,Mar 26,2,31,0.032258,0.064516,352422.46,704844.92,,,,1028.7668,2057.5335,,,,51.4384,102.8768,,,,20.5755,41.151,,,,6.1726,12.3452,,,,342.57,342.57,,,
2026-03-03,Mar 26,3,31,0.032258,0.096774,352422.46,1057267.38,,,,1028.7668,3086.3003,,,,51.4384,154.3152,,,,20.5755,61.7265,,,,6.1726,18.5177,,,,342.57,342.57,,,
2026-03-04,Mar 26,4,31,0.032258,0.129032,352422.46,1409689.84,,,,1028.7668,4115.0671,,,,51.4384,205.7535,,,,20.5755,82.3019,,,,6.1726,24.6903,,,,342.57,342.57,,,
2026-03-05,Mar 26,5,31,0.032258,0.16129,352422.46,1762112.3,,,,1028.7668,5143.8339,,,,51.4384,257.1919,,,,20.5755,102.8774,,,,6.1726,30.8629,,,,342.57,342.57,,,
2026-03-06,Mar 26,6,31,0.032258,0.193548,352422.46,2114534.75,,,,1028.7668,6172.6006,,,,51.4384,308.6303,,,,20.5755,123.4529,,,,6.1726,37.0355,,,,342.57,342.57,,,
2026-03-07,Mar 26,7,31,0.032258,0.225806,352422.46,2466957.21,,,,1028.7668,7201.3674,,,,51.4384,360.0687,,,,20.5755,144.0284,,,,6.1726,43.2081,,,,342.57,342.57,,,
2026-03-08,Mar 26,8,31,0.032258,0.258065,352422.46,2819379.67,,,,1028.7668,8230.1342,,,,51.4384,411.5071,,,,20.5755,164.6039,,,,6.1726,49.3806,,,,342.57,342.57,,,
2026-03-09,Mar 26,9,31,0.032258,0.290323,352422.46,3171802.13,,,,1028.7668,9258.901,,,,51.4384,462.9455,,,,20.5755,185.1794,,,,6.1726,55.5532,,,,342.57,342.57,,,
2026-03-10,Mar 26,10,31,0.032258,0.322581,352422.46,3524224.59,,,,1028.7668,10287.6677,,,,51.4384,514.3839,,,,20.5755,205.7548,,,,6.1726,61.7258,,,,342.57,342.57,,,
2026-03-11,Mar 26,11,31,0.032258,0.354839,352422.46,3876647.05,,,,1028.7668,11316.4345,,,,51.4384,565.8223,,,,20.5755,226.3303,,,,6.1726,67.8984,,,,342.57,342.57,,,
2026-03-12,Mar 26,12,31,0.032258,0.387097,352422.46,4229069.51,,,,1028.7668,12345.2013,,,,51.4384,617.2606,,,,20.5755,246.9058,,,,6.1726,74.071,,,,342.57,342.57,,,
2026-03-13,Mar 26,13,31,0.032258,0.419355,352422.46,4581491.97,,,,1028.7668,13373.9681,,,,51.4384,668.699,,,,20.5755,267.4813,,,,6.1726,80.2435,,,,342.57,342.57,,,
2026-03-14,Mar 26,14,31,0.032258,0.451613,352422.46,4933914.43,,,,1028.7668,14402.7348,,,,51.4384,720.1374,,,,20.5755,288.0568,,,,6.1726,86.4161,,,,342.57,342.57,,,
2026-03-15,Mar 26,15,31,0.032258,0.483871,352422.46,5286336.89,,,,1028.7668,15431.5016,,,,51.4384,771.5758,,,,20.5755,308.6323,,,,6.1726,92.5887,,,,342.57,342.57,,,
2026-03-16,Mar 26,16,31,0.032258,0.516129,352422.46,5638759.34,,,,1028.7668,16460.2684,,,,51.4384,823.0142,,,,20.5755,329.2077,,,,6.1726,98.7613,,,,342.57,342.57,,,
2026-03-17,Mar 26,17,31,0.032258,0.548387,352422.46,5991181.8,,,,1028.7668,17489.0352,,,,51.4384,874.4526,,,,20.5755,349.7832,,,,6.1726,104.9339,,,,342.57,342.57,,,
2026-03-18,Mar 26,18,31,0.032258,0.580645,352422.46,6343604.26,,,,1028.7668,18517.8019,,,,51.4384,925.891,,,,20.5755,370.3587,,,,6.1726,111.1065,,,,342.57,342.57,,,
2026-03-19,Mar 26,19,31,0.032258,0.612903,352422.46,6696026.72,,,,1028.7668,19546.5687,,,,51.4384,977.3294,,,,20.5755,390.9342,,,,6.1726,117.279,,,,342.57,342.57,,,
2026-03-20,Mar 26,20,31,0.032258,0.645161,352422.46,7048449.18,,,,1028.7668,20575.3355,,,,51.4384,1028.7677,,,,20.5755,411.5097,,,,6.1726,123.4516,,,,342.57,342.57,,,
2026-03-21,Mar 26,21,31,0.032258,0.677419,352422.46,7400871.64,,,,1028.7668,21604.1023,,,,51.4384,1080.2061,,,,20.5755,432.0852,,,,6.1726,129.6242,,,,342.57,342.57,,,
2026-03-22,Mar 26,22,31,0.032258,0.709677,352422.46,7753294.1,,,,1028.7668,22632.869,,,,51.4384,1131.6445,,,,20.5755,452.6606,,,,6.1726,135.7968,,,,342.57,342.57,,,
2026-03-23,Mar 26,23,31,0.032258,0.741935,352422.46,8105716.56,,,,1028.7668,23661.6358,,,,51.4384,1183.0829,,,,20.5755,473.2361,,,,6.1726,141.9694,,,,342.57,342.57,,,
2026-03-24,Mar 26,24,31,0.032258,0.774194,352422.46,8458139.02,,,,1028.7668,24690.4026,,,,51.4384,1234.5213,,,,20.5755,493.8116,,,,6.1726,148.1419,,,,342.57,342.57,,,
2026-03-25,Mar 26,25,31,0.032258,0.806452,352422.46,8810561.48,,,,1028.7668,25719.1694,,,,51.4384,1285.9597,,,,20.5755,514.3871,,,,6.1726,154.3145,,,,342.57,342.57,,,
2026-03-26,Mar 26,26,31,0.032258,0.83871,352422.46,9162983.93,,,,1028.7668,26747.9361,,,,51.4384,1337.3981,,,,20.5755,534.9626,,,,6.1726,160.4871,,,,342.57,342.57,,,
2026-03-27,Mar 26,27,31,0.032258,0.870968,352422.46,9515406.39,,,,1028.7668,27776.7029,,,,51.4384,1388.8365,,,,20.5755,555.5381,,,,6.1726,166.6597,,,,342.57,342.57,,,
2026-03-28,Mar 26,28,31,0.032258,0.903226,352422.46,9867828.85,,,,1028.7668,28805.4697,,,,51.4384,1440.2748,,,,20.5755,576.1135,,,,6.1726,172.8323,,,,342.57,342.57,,,
2026-03-29,Mar 26,29,31,0.032258,0.935484,352422.46,10220251.31,,,,1028.7668,29834.2365,,,,51.4384,1491.7132,,,,20.5755,596.689,,,,6.1726,179.0048,,,,342.57,342.57,,,
2026-03-30,Mar 26,30,31,0.032258,0.967742,352422.46,10572673.77,,,,1028.7668,30863.0032,,,,51.4384,1543.1516,,,,20.5755,617.2645,,,,6.1726,185.1774,,,,342.57,342.57,,,
2026-03-31,Mar 26,31,31,0.032258,1.0,352422.46,10925096.23,,,,1028.7668,31891.77,,,,51.4384,1594.59,,,,20.5755,637.84,,,,6.1726,191.35,,,,342.57,342.57,,,
2026-04-01,Apr 26,1,30,0.033333,0.033333,448162.1,448162.1,,,,1262.7647,1262.7647,,,,61.9003,61.9003,,,,24.76,24.76,,,,7.428,7.428,,,,354.91,354.91,,,
2026-04-02,Apr 26,2,30,0.033333,0.066667,448162.1,896324.2,,,,1262.7647,2525.5293,,,,61.9003,123.8007,,,,24.76,49.52,,,,7.428,14.856,,,,354.91,354.91,,,
2026-04-03,Apr 26,3,30,0.033333,0.1,448162.1,1344486.3,,,,1262.7647,3788.294,,,,61.9003,185.701,,,,24.76,74.28,,,,7.428,22.284,,,,354.91,354.91,,,
2026-04-04,Apr 26,4,30,0.033333,0.133333,448162.1,1792648.41,,,,1262.7647,5051.0587,,,,61.9003,247.6013,,,,24.76,99.04,,,,7.428,29.712,,,,354.91,354.91,,,
2026-04-05,Apr 26,5,30,0.033333,0.166667,448162.1,2240810.51,,,,1262.7647,6313.8233,,,,61.9003,309.5017,,,,24.76,123.8,,,,7.428,37.14,,,,354.91,354.91,,,
2026-04-06,Apr 26,6,30,0.033333,0.2,448162.1,2688972.61,,,,1262.7647,7576.588,,,,61.9003,371.402,,,,24.76,148.56,,,,7.428,44.568,,,,354.91,354.91,,,
2026-04-07,Apr 26,7,30,0.033333,0.233333,448162.1,3137134.71,,,,1262.7647,8839.3527,,,,61.9003,433.3023,,,,24.76,173.32,,,,7.428,51.996,,,,354.91,354.91,,,
2026-04-08,Apr 26,8,30,0.033333,0.266667,448162.1,3585296.81,,,,1262.7647,10102.1173,,,,61.9003,495.2027,,,,24.76,198.08,,,,7.428,59.424,,,,354.91,354.91,,,
2026-04-09,Apr 26,9,30,0.033333,0.3,448162.1,4033458.91,,,,1262.7647,11364.882,,,,61.9003,557.103,,,,24.76,222.84,,,,7.428,66.852,,,,354.91,354.91,,,
2026-04-10,Apr 26,10,30,0.033333,0.333333,448162.1,4481621.01,,,,1262.7647,12627.6467,,,,61.9003,619.0033,,,,24.76,247.6,,,,7.428,74.28,,,,354.91,354.91,,,
2026-04-11,Apr 26,11,30,0.033333,0.366667,448162.1,4929783.11,,,,1262.7647,13890.4113,,,,61.9003,680.9037,,,,24.76,272.36,,,,7.428,81.708,,,,354.91,354.91,,,
2026-04-12,Apr 26,12,30,0.033333,0.4,448162.1,5377945.22,,,,1262.7647,15153.176,,,,61.9003,742.804,,,,24.76,297.12,,,,7.428,89.136,,,,354.91,354.91,,,
2026-04-13,Apr 26,13,30,0.033333,0.433333,448162.1,5826107.32,,,,1262.7647,16415.9407,,,,61.9003,804.7043,,,,24.76,321.88,,,,7.428,96.564,,,,354.91,354.91,,,
2026-04-14,Apr 26,14,30,0.033333,0.466667,448162.1,6274269.42,,,,1262.7647,17678.7053,,,,61.9003,866.6047,,,,24.76,346.64,,,,7.428,103.992,,,,354.91,354.91,,,
2026-04-15,Apr 26,15,30,0.033333,0.5,448162.1,6722431.52,,,,1262.7647,18941.47,,,,61.9003,928.505,,,,24.76,371.4,,,,7.428,111.42,,,,354.91,354.91,,,
2026-04-16,Apr 26,16,30,0.033333,0.533333,448162.1,7170593.62,,,,1262.7647,20204.2347,,,,61.9003,990.4053,,,,24.76,396.16,,,,7.428,118.848,,,,354.91,354.91,,,
2026-04-17,Apr 26,17,30,0.033333,0.566667,448162.1,7618755.72,,,,1262.7647,21466.9993,,,,61.9003,1052.3057,,,,24.76,420.92,,,,7.428,126.276,,,,354.91,354.91,,,
2026-04-18,Apr 26,18,30,0.033333,0.6,448162.1,8066917.82,,,,1262.7647,22729.764,,,,61.9003,1114.206,,,,24.76,445.68,,,,7.428,133.704,,,,354.91,354.91,,,
2026-04-19,Apr 26,19,30,0.033333,0.633333,448162.1,8515079.93,,,,1262.7647,23992.5287,,,,61.9003,1176.1063,,,,24.76,470.44,,,,7.428,141.132,,,,354.91,354.91,,,
2026-04-20,Apr 26,20,30,0.033333,0.666667,448162.1,8963242.03,,,,1262.7647,25255.2933,,,,61.9003,1238.0067,,,,24.76,495.2,,,,7.428,148.56,,,,354.91,354.91,,,
2026-04-21,Apr 26,21,30,0.033333,0.7,448162.1,9411404.13,,,,1262.7647,26518.058,,,,61.9003,1299.907,,,,24.76,519.96,,,,7.428,155.988,,,,354.91,354.91,,,
2026-04-22,Apr 26,22,30,0.033333,0.733333,448162.1,9859566.23,,,,1262.7647,27780.8227,,,,61.9003,1361.8073,,,,24.76,544.72,,,,7.428,163.416,,,,354.91,354.91,,,
2026-04-23,Apr 26,23,30,0.033333,0.766667,448162.1,10307728.33,,,,1262.7647,29043.5873,,,,61.9003,1423.7077,,,,24.76,569.48,,,,7.428,170.844,,,,354.91,354.91,,,
2026-04-24,Apr 26,24,30,0.033333,0.8,448162.1,10755890.43,,,,1262.7647,30306.352,,,,61.9003,1485.608,,,,24.76,594.24,,,,7.428,178.272,,,,354.91,354.91,,,
2026-04-25,Apr 26,25,30,0.033333,0.833333,448162.1,11204052.53,,,,1262.7647,31569.1167,,,,61.9003,1547.5083,,,,24.76,619.0,,,,7.428,185.7,,,,354.91,354.91,,,
2026-04-26,Apr 26,26,30,0.033333,0.866667,448162.1,11652214.63,,,,1262.7647,32831.8813,,,,61.9003,1609.4087,,,,24.76,643.76,,,,7.428,193.128,,,,354.91,354.91,,,
2026-04-27,Apr 26,27,30,0.033333,0.9,448162.1,12100376.74,,,,1262.7647,34094.646,,,,61.9003,1671.309,,,,24.76,668.52,,,,7.428,200.556,,,,354.91,354.91,,,
2026-04-28,Apr 26,28,30,0.033333,0.933333,448162.1,12548538.84,,,,1262.7647,35357.4107,,,,61.9003,1733.2093,,,,24.76,693.28,,,,7.428,207.984,,,,354.91,354.91,,,
2026-04-29,Apr 26,29,30,0.033333,0.966667,448162.1,12996700.94,,,,1262.7647,36620.1753,,,,61.9003,1795.1097,,,,24.76,718.04,,,,7.428,215.412,,,,354.91,354.91,,,
2026-04-30,Apr 26,30,30,0.033333,1.0,448162.1,13444863.04,,,,1262.7647,37882.94,,,,61.9003,1857.01,,,,24.76,742.8,,,,7.428,222.84,,,,354.91,354.91,,,
2026-05-01,May 26,1,31,0.032258,0.032258,832644.57,832644.57,,,,2155.4677,2155.4677,,,,103.6284,103.6284,,,,41.4513,41.4513,,,,12.4355,12.4355,,,,386.29,386.29,,,
2026-05-02,May 26,2,31,0.032258,0.064516,832644.57,1665289.14,,,,2155.4677,4310.9355,,,,103.6284,207.2568,,,,41.4513,82.9026,,,,12.4355,24.871,,,,386.29,386.29,,,
2026-05-03,May 26,3,31,0.032258,0.096774,832644.57,2497933.71,,,,2155.4677,6466.4032,,,,103.6284,310.8852,,,,41.4513,124.3539,,,,12.4355,37.3065,,,,386.29,386.29,,,
2026-05-04,May 26,4,31,0.032258,0.129032,832644.57,3330578.29,,,,2155.4677,8621.871,,,,103.6284,414.5135,,,,41.4513,165.8052,,,,12.4355,49.7419,,,,386.29,386.29,,,
2026-05-05,May 26,5,31,0.032258,0.16129,832644.57,4163222.86,,,,2155.4677,10777.3387,,,,103.6284,518.1419,,,,41.4513,207.2565,,,,12.4355,62.1774,,,,386.29,386.29,,,
2026-05-06,May 26,6,31,0.032258,0.193548,832644.57,4995867.43,,,,2155.4677,12932.8065,,,,103.6284,621.7703,,,,41.4513,248.7077,,,,12.4355,74.6129,,,,386.29,386.29,,,
2026-05-07,May 26,7,31,0.032258,0.225806,832644.57,5828512.0,,,,2155.4677,15088.2742,,,,103.6284,725.3987,,,,41.4513,290.159,,,,12.4355,87.0484,,,,386.29,386.29,,,
2026-05-08,May 26,8,31,0.032258,0.258065,832644.57,6661156.57,,,,2155.4677,17243.7419,,,,103.6284,829.0271,,,,41.4513,331.6103,,,,12.4355,99.4839,,,,386.29,386.29,,,
2026-05-09,May 26,9,31,0.032258,0.290323,832644.57,7493801.14,,,,2155.4677,19399.2097,,,,103.6284,932.6555,,,,41.4513,373.0616,,,,12.4355,111.9194,,,,386.29,386.29,,,
2026-05-10,May 26,10,31,0.032258,0.322581,832644.57,8326445.71,,,,2155.4677,21554.6774,,,,103.6284,1036.2839,,,,41.4513,414.5129,,,,12.4355,124.3548,,,,386.29,386.29,,,
2026-05-11,May 26,11,31,0.032258,0.354839,832644.57,9159090.28,,,,2155.4677,23710.1452,,,,103.6284,1139.9123,,,,41.4513,455.9642,,,,12.4355,136.7903,,,,386.29,386.29,,,
2026-05-12,May 26,12,31,0.032258,0.387097,832644.57,9991734.86,,,,2155.4677,25865.6129,,,,103.6284,1243.5406,,,,41.4513,497.4155,,,,12.4355,149.2258,,,,386.29,386.29,,,
2026-05-13,May 26,13,31,0.032258,0.419355,832644.57,10824379.43,,,,2155.4677,28021.0806,,,,103.6284,1347.169,,,,41.4513,538.8668,,,,12.4355,161.6613,,,,386.29,386.29,,,
2026-05-14,May 26,14,31,0.032258,0.451613,832644.57,11657024.0,,,,2155.4677,30176.5484,,,,103.6284,1450.7974,,,,41.4513,580.3181,,,,12.4355,174.0968,,,,386.29,386.29,,,
2026-05-15,May 26,15,31,0.032258,0.483871,832644.57,12489668.57,,,,2155.4677,32332.0161,,,,103.6284,1554.4258,,,,41.4513,621.7694,,,,12.4355,186.5323,,,,386.29,386.29,,,
2026-05-16,May 26,16,31,0.032258,0.516129,832644.57,13322313.14,,,,2155.4677,34487.4839,,,,103.6284,1658.0542,,,,41.4513,663.2206,,,,12.4355,198.9677,,,,386.29,386.29,,,
2026-05-17,May 26,17,31,0.032258,0.548387,832644.57,14154957.71,,,,2155.4677,36642.9516,,,,103.6284,1761.6826,,,,41.4513,704.6719,,,,12.4355,211.4032,,,,386.29,386.29,,,
2026-05-18,May 26,18,31,0.032258,0.580645,832644.57,14987602.28,,,,2155.4677,38798.4194,,,,103.6284,1865.311,,,,41.4513,746.1232,,,,12.4355,223.8387,,,,386.29,386.29,,,
2026-05-19,May 26,19,31,0.032258,0.612903,832644.57,15820246.85,,,,2155.4677,40953.8871,,,,103.6284,1968.9394,,,,41.4513,787.5745,,,,12.4355,236.2742,,,,386.29,386.29,,,
2026-05-20,May 26,20,31,0.032258,0.645161,832644.57,16652891.43,,,,2155.4677,43109.3548,,,,103.6284,2072.5677,,,,41.4513,829.0258,,,,12.4355,248.7097,,,,386.29,386.29,,,
2026-05-21,May 26,21,31,0.032258,0.677419,832644.57,17485536.0,,,,2155.4677,45264.8226,,,,103.6284,2176.1961,,,,41.4513,870.4771,,,,12.4355,261.1452,,,,386.29,386.29,,,
2026-05-22,May 26,22,31,0.032258,0.709677,832644.57,18318180.57,,,,2155.4677,47420.2903,,,,103.6284,2279.8245,,,,41.4513,911.9284,,,,12.4355,273.5806,,,,386.29,386.29,,,
2026-05-23,May 26,23,31,0.032258,0.741935,832644.57,19150825.14,,,,2155.4677,49575.7581,,,,103.6284,2383.4529,,,,41.4513,953.3797,,,,12.4355,286.0161,,,,386.29,386.29,,,
2026-05-24,May 26,24,31,0.032258,0.774194,832644.57,19983469.71,,,,2155.4677,51731.2258,,,,103.6284,2487.0813,,,,41.4513,994.831,,,,12.4355,298.4516,,,,386.29,386.29,,,
2026-05-25,May 26,25,31,0.032258,0.806452,832644.57,20816114.28,,,,2155.4677,53886.6935,,,,103.6284,2590.7097,,,,41.4513,1036.2823,,,,12.4355,310.8871,,,,386.29,386.29,,,
2026-05-26,May 26,26,31,0.032258,0.83871,832644.57,21648758.85,,,,2155.4677,56042.1613,,,,103.6284,2694.3381,,,,41.4513,1077.7335,,,,12.4355,323.3226,,,,386.29,386.29,,,
2026-05-27,May 26,27,31,0.032258,0.870968,832644.57,22481403.42,,,,2155.4677,58197.629,,,,103.6284,2797.9665,,,,41.4513,1119.1848,,,,12.4355,335.7581,,,,386.29,386.29,,,
2026-05-28,May 26,28,31,0.032258,0.903226,832644.57,23314048.0,,,,2155.4677,60353.0968,,,,103.6284,2901.5948,,,,41.4513,1160.6361,,,,12.4355,348.1935,,,,386.29,386.29,,,
2026-05-29,May 26,29,31,0.032258,0.935484,832644.57,24146692.57,,,,2155.4677,62508.5645,,,,103.6284,3005.2232,,,,41.4513,1202.0874,,,,12.4355,360.629,,,,386.29,386.29,,,
2026-05-30,May 26,30,31,0.032258,0.967742,832644.57,24979337.14,,,,2155.4677,64664.0323,,,,103.6284,3108.8516,,,,41.4513,1243.5387,,,,12.4355,373.0645,,,,386.29,386.29,,,
2026-05-31,May 26,31,31,0.032258,1.0,832644.57,25811981.71,,,,2155.4677,66819.5,,,,103.6284,3212.48,,,,41.4513,1284.99,,,,12.4355,385.5,,,,386.29,386.29,,,
2026-06-01,Jun 26,1,30,0.033333,0.033333,873983.07,873983.07,,,,2207.9193,2207.9193,,,,106.15,106.15,,,,42.46,42.46,,,,12.738,12.738,,,,395.84,395.84,,,
2026-06-02,Jun 26,2,30,0.033333,0.066667,873983.07,1747966.14,,,,2207.9193,4415.8387,,,,106.15,212.3,,,,42.46,84.92,,,,12.738,25.476,,,,395.84,395.84,,,
2026-06-03,Jun 26,3,30,0.033333,0.1,873983.07,2621949.21,,,,2207.9193,6623.758,,,,106.15,318.45,,,,42.46,127.38,,,,12.738,38.214,,,,395.84,395.84,,,
2026-06-04,Jun 26,4,30,0.033333,0.133333,873983.07,3495932.28,,,,2207.9193,8831.6773,,,,106.15,424.6,,,,42.46,169.84,,,,12.738,50.952,,,,395.84,395.84,,,
2026-06-05,Jun 26,5,30,0.033333,0.166667,873983.07,4369915.35,,,,2207.9193,11039.5967,,,,106.15,530.75,,,,42.46,212.3,,,,12.738,63.69,,,,395.84,395.84,,,
2026-06-06,Jun 26,6,30,0.033333,0.2,873983.07,5243898.42,,,,2207.9193,13247.516,,,,106.15,636.9,,,,42.46,254.76,,,,12.738,76.428,,,,395.84,395.84,,,
2026-06-07,Jun 26,7,30,0.033333,0.233333,873983.07,6117881.49,,,,2207.9193,15455.4353,,,,106.15,743.05,,,,42.46,297.22,,,,12.738,89.166,,,,395.84,395.84,,,
2026-06-08,Jun 26,8,30,0.033333,0.266667,873983.07,6991864.56,,,,2207.9193,17663.3547,,,,106.15,849.2,,,,42.46,339.68,,,,12.738,101.904,,,,395.84,395.84,,,
2026-06-09,Jun 26,9,30,0.033333,0.3,873983.07,7865847.63,,,,2207.9193,19871.274,,,,106.15,955.35,,,,42.46,382.14,,,,12.738,114.642,,,,395.84,395.84,,,
2026-06-10,Jun 26,10,30,0.033333,0.333333,873983.07,8739830.7,,,,2207.9193,22079.1933,,,,106.15,1061.5,,,,42.46,424.6,,,,12.738,127.38,,,,395.84,395.84,,,
2026-06-11,Jun 26,11,30,0.033333,0.366667,873983.07,9613813.77,,,,2207.9193,24287.1127,,,,106.15,1167.65,,,,42.46,467.06,,,,12.738,140.118,,,,395.84,395.84,,,
2026-06-12,Jun 26,12,30,0.033333,0.4,873983.07,10487796.84,,,,2207.9193,26495.032,,,,106.15,1273.8,,,,42.46,509.52,,,,12.738,152.856,,,,395.84,395.84,,,
2026-06-13,Jun 26,13,30,0.033333,0.433333,873983.07,11361779.91,,,,2207.9193,28702.9513,,,,106.15,1379.95,,,,42.46,551.98,,,,12.738,165.594,,,,395.84,395.84,,,
2026-06-14,Jun 26,14,30,0.033333,0.466667,873983.07,12235762.98,,,,2207.9193,30910.8707,,,,106.15,1486.1,,,,42.46,594.44,,,,12.738,178.332,,,,395.84,395.84,,,
2026-06-15,Jun 26,15,30,0.033333,0.5,873983.07,13109746.05,,,,2207.9193,33118.79,,,,106.15,1592.25,,,,42.46,636.9,,,,12.738,191.07,,,,395.84,395.84,,,
2026-06-16,Jun 26,16,30,0.033333,0.533333,873983.07,13983729.12,,,,2207.9193,35326.7093,,,,106.15,1698.4,,,,42.46,679.36,,,,12.738,203.808,,,,395.84,395.84,,,
2026-06-17,Jun 26,17,30,0.033333,0.566667,873983.07,14857712.19,,,,2207.9193,37534.6287,,,,106.15,1804.55,,,,42.46,721.82,,,,12.738,216.546,,,,395.84,395.84,,,
2026-06-18,Jun 26,18,30,0.033333,0.6,873983.07,15731695.26,,,,2207.9193,39742.548,,,,106.15,1910.7,,,,42.46,764.28,,,,12.738,229.284,,,,395.84,395.84,,,
2026-06-19,Jun 26,19,30,0.033333,0.633333,873983.07,16605678.33,,,,2207.9193,41950.4673,,,,106.15,2016.85,,,,42.46,806.74,,,,12.738,242.022,,,,395.84,395.84,,,
2026-06-20,Jun 26,20,30,0.033333,0.666667,873983.07,17479661.4,,,,2207.9193,44158.3867,,,,106.15,2123.0,,,,42.46,849.2,,,,12.738,254.76,,,,395.84,395.84,,,
2026-06-21,Jun 26,21,30,0.033333,0.7,873983.07,18353644.47,,,,2207.9193,46366.306,,,,106.15,2229.15,,,,42.46,891.66,,,,12.738,267.498,,,,395.84,395.84,,,
2026-06-22,Jun 26,22,30,0.033333,0.733333,873983.07,19227627.54,,,,2207.9193,48574.2253,,,,106.15,2335.3,,,,42.46,934.12,,,,12.738,280.236,,,,395.84,395.84,,,
2026-06-23,Jun 26,23,30,0.033333,0.766667,873983.07,20101610.61,,,,2207.9193,50782.1447,,,,106.15,2441.45,,,,42.46,976.58,,,,12.738,292.974,,,,395.84,395.84,,,
2026-06-24,Jun 26,24,30,0.033333,0.8,873983.07,20975593.68,,,,2207.9193,52990.064,,,,106.15,2547.6,,,,42.46,1019.04,,,,12.738,305.712,,,,395.84,395.84,,,
2026-06-25,Jun 26,25,30,0.033333,0.833333,873983.07,21849576.75,,,,2207.9193,55197.9833,,,,106.15,2653.75,,,,42.46,1061.5,,,,12.738,318.45,,,,395.84,395.84,,,
2026-06-26,Jun 26,26,30,0.033333,0.866667,873983.07,22723559.82,,,,2207.9193,57405.9027,,,,106.15,2759.9,,,,42.46,1103.96,,,,12.738,331.188,,,,395.84,395.84,,,
2026-06-27,Jun 26,27,30,0.033333,0.9,873983.07,23597542.89,,,,2207.9193,59613.822,,,,106.15,2866.05,,,,42.46,1146.42,,,,12.738,343.926,,,,395.84,395.84,,,
2026-06-28,Jun 26,28,30,0.033333,0.933333,873983.07,24471525.96,,,,2207.9193,61821.7413,,,,106.15,2972.2,,,,42.46,1188.88,,,,12.738,356.664,,,,395.84,395.84,,,
2026-06-29,Jun 26,29,30,0.033333,0.966667,873983.07,25345509.03,,,,2207.9193,64029.6607,,,,106.15,3078.35,,,,42.46,1231.34,,,,12.738,369.402,,,,395.84,395.84,,,
2026-06-30,Jun 26,30,30,0.033333,1.0,873983.07,26219492.1,,,,2207.9193,66237.58,,,,106.15,3184.5,,,,42.46,1273.8,,,,12.738,382.14,,,,395.84,395.84,,,
2026-07-01,Jul 26,1,31,0.032258,0.032258,604035.78,604035.78,,,,1533.0687,1533.0687,,,,76.6535,76.6535,,,,30.6613,30.6613,,,,9.1984,9.1984,,,,394.0,394.0,,,
2026-07-02,Jul 26,2,31,0.032258,0.064516,604035.78,1208071.57,,,,1533.0687,3066.1374,,,,76.6535,153.3071,,,,30.6613,61.3226,,,,9.1984,18.3968,,,,394.0,394.0,,,
2026-07-03,Jul 26,3,31,0.032258,0.096774,604035.78,1812107.35,,,,1533.0687,4599.2061,,,,76.6535,229.9606,,,,30.6613,91.9839,,,,9.1984,27.5952,,,,394.0,394.0,,,
2026-07-04,Jul 26,4,31,0.032258,0.129032,604035.78,2416143.13,,,,1533.0687,6132.2748,,,,76.6535,306.6142,,,,30.6613,122.6452,,,,9.1984,36.7935,,,,394.0,394.0,,,
2026-07-05,Jul 26,5,31,0.032258,0.16129,604035.78,3020178.92,,,,1533.0687,7665.3435,,,,76.6535,383.2677,,,,30.6613,153.3065,,,,9.1984,45.9919,,,,394.0,394.0,,,
2026-07-06,Jul 26,6,31,0.032258,0.193548,604035.78,3624214.7,,,,1533.0687,9198.4123,,,,76.6535,459.9213,,,,30.6613,183.9677,,,,9.1984,55.1903,,,,394.0,394.0,,,
2026-07-07,Jul 26,7,31,0.032258,0.225806,604035.78,4228250.48,,,,1533.0687,10731.481,,,,76.6535,536.5748,,,,30.6613,214.629,,,,9.1984,64.3887,,,,394.0,394.0,,,
2026-07-08,Jul 26,8,31,0.032258,0.258065,604035.78,4832286.27,,,,1533.0687,12264.5497,,,,76.6535,613.2284,,,,30.6613,245.2903,,,,9.1984,73.5871,,,,394.0,394.0,,,
2026-07-09,Jul 26,9,31,0.032258,0.290323,604035.78,5436322.05,,,,1533.0687,13797.6184,,,,76.6535,689.8819,,,,30.6613,275.9516,,,,9.1984,82.7855,,,,394.0,394.0,,,
2026-07-10,Jul 26,10,31,0.032258,0.322581,604035.78,6040357.84,,,,1533.0687,15330.6871,,,,76.6535,766.5355,,,,30.6613,306.6129,,,,9.1984,91.9839,,,,394.0,394.0,,,
2026-07-11,Jul 26,11,31,0.032258,0.354839,604035.78,6644393.62,,,,1533.0687,16863.7558,,,,76.6535,843.189,,,,30.6613,337.2742,,,,9.1984,101.1823,,,,394.0,394.0,,,
2026-07-12,Jul 26,12,31,0.032258,0.387097,604035.78,7248429.4,,,,1533.0687,18396.8245,,,,76.6535,919.8426,,,,30.6613,367.9355,,,,9.1984,110.3806,,,,394.0,394.0,,,
2026-07-13,Jul 26,13,31,0.032258,0.419355,604035.78,7852465.19,,,,1533.0687,19929.8932,,,,76.6535,996.4961,,,,30.6613,398.5968,,,,9.1984,119.579,,,,394.0,394.0,,,
2026-07-14,Jul 26,14,31,0.032258,0.451613,604035.78,8456500.97,,,,1533.0687,21462.9619,,,,76.6535,1073.1497,,,,30.6613,429.2581,,,,9.1984,128.7774,,,,394.0,394.0,,,
2026-07-15,Jul 26,15,31,0.032258,0.483871,604035.78,9060536.75,,,,1533.0687,22996.0306,,,,76.6535,1149.8032,,,,30.6613,459.9194,,,,9.1984,137.9758,,,,394.0,394.0,,,
2026-07-16,Jul 26,16,31,0.032258,0.516129,604035.78,9664572.54,,,,1533.0687,24529.0994,,,,76.6535,1226.4568,,,,30.6613,490.5806,,,,9.1984,147.1742,,,,394.0,394.0,,,
2026-07-17,Jul 26,17,31,0.032258,0.548387,604035.78,10268608.32,,,,1533.0687,26062.1681,,,,76.6535,1303.1103,,,,30.6613,521.2419,,,,9.1984,156.3726,,,,394.0,394.0,,,
2026-07-18,Jul 26,18,31,0.032258,0.580645,604035.78,10872644.1,,,,1533.0687,27595.2368,,,,76.6535,1379.7639,,,,30.6613,551.9032,,,,9.1984,165.571,,,,394.0,394.0,,,
2026-07-19,Jul 26,19,31,0.032258,0.612903,604035.78,11476679.89,,,,1533.0687,29128.3055,,,,76.6535,1456.4174,,,,30.6613,582.5645,,,,9.1984,174.7694,,,,394.0,394.0,,,
2026-07-20,Jul 26,20,31,0.032258,0.645161,604035.78,12080715.67,,,,1533.0687,30661.3742,,,,76.6535,1533.071,,,,30.6613,613.2258,,,,9.1984,183.9677,,,,394.0,394.0,,,
2026-07-21,Jul 26,21,31,0.032258,0.677419,604035.78,12684751.45,,,,1533.0687,32194.4429,,,,76.6535,1609.7245,,,,30.6613,643.8871,,,,9.1984,193.1661,,,,394.0,394.0,,,
2026-07-22,Jul 26,22,31,0.032258,0.709677,604035.78,13288787.24,,,,1533.0687,33727.5116,,,,76.6535,1686.3781,,,,30.6613,674.5484,,,,9.1984,202.3645,,,,394.0,394.0,,,
2026-07-23,Jul 26,23,31,0.032258,0.741935,604035.78,13892823.02,,,,1533.0687,35260.5803,,,,76.6535,1763.0316,,,,30.6613,705.2097,,,,9.1984,211.5629,,,,394.0,394.0,,,
2026-07-24,Jul 26,24,31,0.032258,0.774194,604035.78,14496858.81,,,,1533.0687,36793.649,,,,76.6535,1839.6852,,,,30.6613,735.871,,,,9.1984,220.7613,,,,394.0,394.0,,,
2026-07-25,Jul 26,25,31,0.032258,0.806452,604035.78,15100894.59,,,,1533.0687,38326.7177,,,,76.6535,1916.3387,,,,30.6613,766.5323,,,,9.1984,229.9597,,,,394.0,394.0,,,
2026-07-26,Jul 26,26,31,0.032258,0.83871,604035.78,15704930.37,,,,1533.0687,39859.7865,,,,76.6535,1992.9923,,,,30.6613,797.1935,,,,9.1984,239.1581,,,,394.0,394.0,,,
2026-07-27,Jul 26,27,31,0.032258,0.870968,604035.78,16308966.16,,,,1533.0687,41392.8552,,,,76.6535,2069.6458,,,,30.6613,827.8548,,,,9.1984,248.3565,,,,394.0,394.0,,,
2026-07-28,Jul 26,28,31,0.032258,0.903226,604035.78,16913001.94,,,,1533.0687,42925.9239,,,,76.6535,2146.2994,,,,30.6613,858.5161,,,,9.1984,257.5548,,,,394.0,394.0,,,
2026-07-29,Jul 26,29,31,0.032258,0.935484,604035.78,17517037.72,,,,1533.0687,44458.9926,,,,76.6535,2222.9529,,,,30.6613,889.1774,,,,9.1984,266.7532,,,,394.0,394.0,,,
2026-07-30,Jul 26,30,31,0.032258,0.967742,604035.78,18121073.51,,,,1533.0687,45992.0613,,,,76.6535,2299.6065,,,,30.6613,919.8387,,,,9.1984,275.9516,,,,394.0,394.0,,,
2026-07-31,Jul 26,31,31,0.032258,1.0,604035.78,18725109.29,,,,1533.0687,47525.13,,,,76.6535,2376.26,,,,30.6613,950.5,,,,9.1984,285.15,,,,394.0,394.0,,,
2026-08-01,Aug 26,1,31,0.032258,0.032258,364461.26,364461.26,,,,1004.2506,1004.2506,,,,51.2374,51.2374,,,,20.4948,20.4948,,,,6.1484,6.1484,,,,362.92,362.92,,,
2026-08-02,Aug 26,2,31,0.032258,0.064516,364461.26,728922.51,,,,1004.2506,2008.5013,,,,51.2374,102.4748,,,,20.4948,40.9897,,,,6.1484,12.2968,,,,362.92,362.92,,,
2026-08-03,Aug 26,3,31,0.032258,0.096774,364461.26,1093383.77,,,,1004.2506,3012.7519,,,,51.2374,153.7123,,,,20.4948,61.4845,,,,6.1484,18.4452,,,,362.92,362.92,,,
2026-08-04,Aug 26,4,31,0.032258,0.129032,364461.26,1457845.03,,,,1004.2506,4017.0026,,,,51.2374,204.9497,,,,20.4948,81.9794,,,,6.1484,24.5935,,,,362.92,362.92,,,
2026-08-05,Aug 26,5,31,0.032258,0.16129,364461.26,1822306.29,,,,1004.2506,5021.2532,,,,51.2374,256.1871,,,,20.4948,102.4742,,,,6.1484,30.7419,,,,362.92,362.92,,,
2026-08-06,Aug 26,6,31,0.032258,0.193548,364461.26,2186767.54,,,,1004.2506,6025.5039,,,,51.2374,307.4245,,,,20.4948,122.969,,,,6.1484,36.8903,,,,362.92,362.92,,,
2026-08-07,Aug 26,7,31,0.032258,0.225806,364461.26,2551228.8,,,,1004.2506,7029.7545,,,,51.2374,358.6619,,,,20.4948,143.4639,,,,6.1484,43.0387,,,,362.92,362.92,,,
2026-08-08,Aug 26,8,31,0.032258,0.258065,364461.26,2915690.06,,,,1004.2506,8034.0052,,,,51.2374,409.8994,,,,20.4948,163.9587,,,,6.1484,49.1871,,,,362.92,362.92,,,
2026-08-09,Aug 26,9,31,0.032258,0.290323,364461.26,3280151.32,,,,1004.2506,9038.2558,,,,51.2374,461.1368,,,,20.4948,184.4535,,,,6.1484,55.3355,,,,362.92,362.92,,,
2026-08-10,Aug 26,10,31,0.032258,0.322581,364461.26,3644612.57,,,,1004.2506,10042.5065,,,,51.2374,512.3742,,,,20.4948,204.9484,,,,6.1484,61.4839,,,,362.92,362.92,,,
2026-08-11,Aug 26,11,31,0.032258,0.354839,364461.26,4009073.83,,,,1004.2506,11046.7571,,,,51.2374,563.6116,,,,20.4948,225.4432,,,,6.1484,67.6323,,,,362.92,362.92,,,
2026-08-12,Aug 26,12,31,0.032258,0.387097,364461.26,4373535.09,,,,1004.2506,12051.0077,,,,51.2374,614.849,,,,20.4948,245.9381,,,,6.1484,73.7806,,,,362.92,362.92,,,
2026-08-13,Aug 26,13,31,0.032258,0.419355,364461.26,4737996.35,,,,1004.2506,13055.2584,,,,51.2374,666.0865,,,,20.4948,266.4329,,,,6.1484,79.929,,,,362.92,362.92,,,
2026-08-14,Aug 26,14,31,0.032258,0.451613,364461.26,5102457.6,,,,1004.2506,14059.509,,,,51.2374,717.3239,,,,20.4948,286.9277,,,,6.1484,86.0774,,,,362.92,362.92,,,
2026-08-15,Aug 26,15,31,0.032258,0.483871,364461.26,5466918.86,,,,1004.2506,15063.7597,,,,51.2374,768.5613,,,,20.4948,307.4226,,,,6.1484,92.2258,,,,362.92,362.92,,,
2026-08-16,Aug 26,16,31,0.032258,0.516129,364461.26,5831380.12,,,,1004.2506,16068.0103,,,,51.2374,819.7987,,,,20.4948,327.9174,,,,6.1484,98.3742,,,,362.92,362.92,,,
2026-08-17,Aug 26,17,31,0.032258,0.548387,364461.26,6195841.38,,,,1004.2506,17072.261,,,,51.2374,871.0361,,,,20.4948,348.4123,,,,6.1484,104.5226,,,,362.92,362.92,,,
2026-08-18,Aug 26,18,31,0.032258,0.580645,364461.26,6560302.63,,,,1004.2506,18076.5116,,,,51.2374,922.2735,,,,20.4948,368.9071,,,,6.1484,110.671,,,,362.92,362.92,,,
2026-08-19,Aug 26,19,31,0.032258,0.612903,364461.26,6924763.89,,,,1004.2506,19080.7623,,,,51.2374,973.511,,,,20.4948,389.4019,,,,6.1484,116.8194,,,,362.92,362.92,,,
2026-08-20,Aug 26,20,31,0.032258,0.645161,364461.26,7289225.15,,,,1004.2506,20085.0129,,,,51.2374,1024.7484,,,,20.4948,409.8968,,,,6.1484,122.9677,,,,362.92,362.92,,,
2026-08-21,Aug 26,21,31,0.032258,0.677419,364461.26,7653686.41,,,,1004.2506,21089.2635,,,,51.2374,1075.9858,,,,20.4948,430.3916,,,,6.1484,129.1161,,,,362.92,362.92,,,
2026-08-22,Aug 26,22,31,0.032258,0.709677,364461.26,8018147.66,,,,1004.2506,22093.5142,,,,51.2374,1127.2232,,,,20.4948,450.8865,,,,6.1484,135.2645,,,,362.92,362.92,,,
2026-08-23,Aug 26,23,31,0.032258,0.741935,364461.26,8382608.92,,,,1004.2506,23097.7648,,,,51.2374,1178.4606,,,,20.4948,471.3813,,,,6.1484,141.4129,,,,362.92,362.92,,,
2026-08-24,Aug 26,24,31,0.032258,0.774194,364461.26,8747070.18,,,,1004.2506,24102.0155,,,,51.2374,1229.6981,,,,20.4948,491.8761,,,,6.1484,147.5613,,,,362.92,362.92,,,
2026-08-25,Aug 26,25,31,0.032258,0.806452,364461.26,9111531.44,,,,1004.2506,25106.2661,,,,51.2374,1280.9355,,,,20.4948,512.371,,,,6.1484,153.7097,,,,362.92,362.92,,,
2026-08-26,Aug 26,26,31,0.032258,0.83871,364461.26,9475992.69,,,,1004.2506,26110.5168,,,,51.2374,1332.1729,,,,20.4948,532.8658,,,,6.1484,159.8581,,,,362.92,362.92,,,
2026-08-27,Aug 26,27,31,0.032258,0.870968,364461.26,9840453.95,,,,1004.2506,27114.7674,,,,51.2374,1383.4103,,,,20.4948,553.3606,,,,6.1484,166.0065,,,,362.92,362.92,,,
2026-08-28,Aug 26,28,31,0.032258,0.903226,364461.26,10204915.21,,,,1004.2506,28119.0181,,,,51.2374,1434.6477,,,,20.4948,573.8555,,,,6.1484,172.1548,,,,362.92,362.92,,,
2026-08-29,Aug 26,29,31,0.032258,0.935484,364461.26,10569376.47,,,,1004.2506,29123.2687,,,,51.2374,1485.8852,,,,20.4948,594.3503,,,,6.1484,178.3032,,,,362.92,362.92,,,
2026-08-30,Aug 26,30,31,0.032258,0.967742,364461.26,10933837.72,,,,1004.2506,30127.5194,,,,51.2374,1537.1226,,,,20.4948,614.8452,,,,6.1484,184.4516,,,,362.92,362.92,,,
2026-08-31,Aug 26,31,31,0.032258,1.0,364461.26,11298298.98,,,,1004.2506,31131.77,,,,51.2374,1588.36,,,,20.4948,635.34,,,,6.1484,190.6,,,,362.92,362.92,,,
2026-09-01,Sep 26,1,30,0.033333,0.033333,265555.94,265555.94,,,,742.953,742.953,,,,38.6953,38.6953,,,,15.4783,15.4783,,,,4.6433,4.6433,,,,357.43,357.43,,,
2026-09-02,Sep 26,2,30,0.033333,0.066667,265555.94,531111.89,,,,742.953,1485.906,,,,38.6953,77.3907,,,,15.4783,30.9567,,,,4.6433,9.2867,,,,357.43,357.43,,,
2026-09-03,Sep 26,3,30,0.033333,0.1,265555.94,796667.83,,,,742.953,2228.859,,,,38.6953,116.086,,,,15.4783,46.435,,,,4.6433,13.93,,,,357.43,357.43,,,
2026-09-04,Sep 26,4,30,0.033333,0.133333,265555.94,1062223.77,,,,742.953,2971.812,,,,38.6953,154.7813,,,,15.4783,61.9133,,,,4.6433,18.5733,,,,357.43,357.43,,,
2026-09-05,Sep 26,5,30,0.033333,0.166667,265555.94,1327779.71,,,,742.953,3714.765,,,,38.6953,193.4767,,,,15.4783,77.3917,,,,4.6433,23.2167,,,,357.43,357.43,,,
2026-09-06,Sep 26,6,30,0.033333,0.2,265555.94,1593335.66,,,,742.953,4457.718,,,,38.6953,232.172,,,,15.4783,92.87,,,,4.6433,27.86,,,,357.43,357.43,,,
2026-09-07,Sep 26,7,30,0.033333,0.233333,265555.94,1858891.6,,,,742.953,5200.671,,,,38.6953,270.8673,,,,15.4783,108.3483,,,,4.6433,32.5033,,,,357.43,357.43,,,
2026-09-08,Sep 26,8,30,0.033333,0.266667,265555.94,2124447.54,,,,742.953,5943.624,,,,38.6953,309.5627,,,,15.4783,123.8267,,,,4.6433,37.1467,,,,357.43,357.43,,,
2026-09-09,Sep 26,9,30,0.033333,0.3,265555.94,2390003.48,,,,742.953,6686.577,,,,38.6953,348.258,,,,15.4783,139.305,,,,4.6433,41.79,,,,357.43,357.43,,,
2026-09-10,Sep 26,10,30,0.033333,0.333333,265555.94,2655559.43,,,,742.953,7429.53,,,,38.6953,386.9533,,,,15.4783,154.7833,,,,4.6433,46.4333,,,,357.43,357.43,,,
2026-09-11,Sep 26,11,30,0.033333,0.366667,265555.94,2921115.37,,,,742.953,8172.483,,,,38.6953,425.6487,,,,15.4783,170.2617,,,,4.6433,51.0767,,,,357.43,357.43,,,
2026-09-12,Sep 26,12,30,0.033333,0.4,265555.94,3186671.31,,,,742.953,8915.436,,,,38.6953,464.344,,,,15.4783,185.74,,,,4.6433,55.72,,,,357.43,357.43,,,
2026-09-13,Sep 26,13,30,0.033333,0.433333,265555.94,3452227.25,,,,742.953,9658.389,,,,38.6953,503.0393,,,,15.4783,201.2183,,,,4.6433,60.3633,,,,357.43,357.43,,,
2026-09-14,Sep 26,14,30,0.033333,0.466667,265555.94,3717783.2,,,,742.953,10401.342,,,,38.6953,541.7347,,,,15.4783,216.6967,,,,4.6433,65.0067,,,,357.43,357.43,,,
2026-09-15,Sep 26,15,30,0.033333,0.5,265555.94,3983339.14,,,,742.953,11144.295,,,,38.6953,580.43,,,,15.4783,232.175,,,,4.6433,69.65,,,,357.43,357.43,,,
2026-09-16,Sep 26,16,30,0.033333,0.533333,265555.94,4248895.08,,,,742.953,11887.248,,,,38.6953,619.1253,,,,15.4783,247.6533,,,,4.6433,74.2933,,,,357.43,357.43,,,
2026-09-17,Sep 26,17,30,0.033333,0.566667,265555.94,4514451.03,,,,742.953,12630.201,,,,38.6953,657.8207,,,,15.4783,263.1317,,,,4.6433,78.9367,,,,357.43,357.43,,,
2026-09-18,Sep 26,18,30,0.033333,0.6,265555.94,4780006.97,,,,742.953,13373.154,,,,38.6953,696.516,,,,15.4783,278.61,,,,4.6433,83.58,,,,357.43,357.43,,,
2026-09-19,Sep 26,19,30,0.033333,0.633333,265555.94,5045562.91,,,,742.953,14116.107,,,,38.6953,735.2113,,,,15.4783,294.0883,,,,4.6433,88.2233,,,,357.43,357.43,,,
2026-09-20,Sep 26,20,30,0.033333,0.666667,265555.94,5311118.85,,,,742.953,14859.06,,,,38.6953,773.9067,,,,15.4783,309.5667,,,,4.6433,92.8667,,,,357.43,357.43,,,
2026-09-21,Sep 26,21,30,0.033333,0.7,265555.94,5576674.8,,,,742.953,15602.013,,,,38.6953,812.602,,,,15.4783,325.045,,,,4.6433,97.51,,,,357.43,357.43,,,
2026-09-22,Sep 26,22,30,0.033333,0.733333,265555.94,5842230.74,,,,742.953,16344.966,,,,38.6953,851.2973,,,,15.4783,340.5233,,,,4.6433,102.1533,,,,357.43,357.43,,,
2026-09-23,Sep 26,23,30,0.033333,0.766667,265555.94,6107786.68,,,,742.953,17087.919,,,,38.6953,889.9927,,,,15.4783,356.0017,,,,4.6433,106.7967,,,,357.43,357.43,,,
2026-09-24,Sep 26,24,30,0.033333,0.8,265555.94,6373342.62,,,,742.953,17830.872,,,,38.6953,928.688,,,,15.4783,371.48,,,,4.6433,111.44,,,,357.43,357.43,,,
2026-09-25,Sep 26,25,30,0.033333,0.833333,265555.94,6638898.57,,,,742.953,18573.825,,,,38.6953,967.3833,,,,15.4783,386.9583,,,,4.6433,116.0833,,,,357.43,357.43,,,
2026-09-26,Sep 26,26,30,0.033333,0.866667,265555.94,6904454.51,,,,742.953,19316.778,,,,38.6953,1006.0787,,,,15.4783,402.4367,,,,4.6433,120.7267,,,,357.43,357.43,,,
2026-09-27,Sep 26,27,30,0.033333,0.9,265555.94,7170010.45,,,,742.953,20059.731,,,,38.6953,1044.774,,,,15.4783,417.915,,,,4.6433,125.37,,,,357.43,357.43,,,
2026-09-28,Sep 26,28,30,0.033333,0.933333,265555.94,7435566.39,,,,742.953,20802.684,,,,38.6953,1083.4693,,,,15.4783,433.3933,,,,4.6433,130.0133,,,,357.43,357.43,,,
2026-09-29,Sep 26,29,30,0.033333,0.966667,265555.94,7701122.34,,,,742.953,21545.637,,,,38.6953,1122.1647,,,,15.4783,448.8717,,,,4.6433,134.6567,,,,357.43,357.43,,,
2026-09-30,Sep 26,30,30,0.033333,1.0,265555.94,7966678.28,,,,742.953,22288.59,,,,38.6953,1160.86,,,,15.4783,464.35,,,,4.6433,139.3,,,,357.43,357.43,,,
2026-10-01,Oct 26,1,31,0.032258,0.032258,219950.98,219950.98,,,,635.429,635.429,,,,33.0952,33.0952,,,,13.2381,13.2381,,,,3.9713,3.9713,,,,346.15,346.15,,,
2026-10-02,Oct 26,2,31,0.032258,0.064516,219950.98,439901.96,,,,635.429,1270.8581,,,,33.0952,66.1903,,,,13.2381,26.4761,,,,3.9713,7.9426,,,,346.15,346.15,,,
2026-10-03,Oct 26,3,31,0.032258,0.096774,219950.98,659852.94,,,,635.429,1906.2871,,,,33.0952,99.2855,,,,13.2381,39.7142,,,,3.9713,11.9139,,,,346.15,346.15,,,
2026-10-04,Oct 26,4,31,0.032258,0.129032,219950.98,879803.92,,,,635.429,2541.7161,,,,33.0952,132.3806,,,,13.2381,52.9523,,,,3.9713,15.8852,,,,346.15,346.15,,,
2026-10-05,Oct 26,5,31,0.032258,0.16129,219950.98,1099754.9,,,,635.429,3177.1452,,,,33.0952,165.4758,,,,13.2381,66.1903,,,,3.9713,19.8565,,,,346.15,346.15,,,
2026-10-06,Oct 26,6,31,0.032258,0.193548,219950.98,1319705.88,,,,635.429,3812.5742,,,,33.0952,198.571,,,,13.2381,79.4284,,,,3.9713,23.8277,,,,346.15,346.15,,,
2026-10-07,Oct 26,7,31,0.032258,0.225806,219950.98,1539656.86,,,,635.429,4448.0032,,,,33.0952,231.6661,,,,13.2381,92.6665,,,,3.9713,27.799,,,,346.15,346.15,,,
2026-10-08,Oct 26,8,31,0.032258,0.258065,219950.98,1759607.84,,,,635.429,5083.4323,,,,33.0952,264.7613,,,,13.2381,105.9045,,,,3.9713,31.7703,,,,346.15,346.15,,,
2026-10-09,Oct 26,9,31,0.032258,0.290323,219950.98,1979558.82,,,,635.429,5718.8613,,,,33.0952,297.8565,,,,13.2381,119.1426,,,,3.9713,35.7416,,,,346.15,346.15,,,
2026-10-10,Oct 26,10,31,0.032258,0.322581,219950.98,2199509.8,,,,635.429,6354.2903,,,,33.0952,330.9516,,,,13.2381,132.3806,,,,3.9713,39.7129,,,,346.15,346.15,,,
2026-10-11,Oct 26,11,31,0.032258,0.354839,219950.98,2419460.78,,,,635.429,6989.7194,,,,33.0952,364.0468,,,,13.2381,145.6187,,,,3.9713,43.6842,,,,346.15,346.15,,,
2026-10-12,Oct 26,12,31,0.032258,0.387097,219950.98,2639411.76,,,,635.429,7625.1484,,,,33.0952,397.1419,,,,13.2381,158.8568,,,,3.9713,47.6555,,,,346.15,346.15,,,
2026-10-13,Oct 26,13,31,0.032258,0.419355,219950.98,2859362.74,,,,635.429,8260.5774,,,,33.0952,430.2371,,,,13.2381,172.0948,,,,3.9713,51.6268,,,,346.15,346.15,,,
2026-10-14,Oct 26,14,31,0.032258,0.451613,219950.98,3079313.72,,,,635.429,8896.0065,,,,33.0952,463.3323,,,,13.2381,185.3329,,,,3.9713,55.5981,,,,346.15,346.15,,,
2026-10-15,Oct 26,15,31,0.032258,0.483871,219950.98,3299264.7,,,,635.429,9531.4355,,,,33.0952,496.4274,,,,13.2381,198.571,,,,3.9713,59.5694,,,,346.15,346.15,,,
2026-10-16,Oct 26,16,31,0.032258,0.516129,219950.98,3519215.67,,,,635.429,10166.8645,,,,33.0952,529.5226,,,,13.2381,211.809,,,,3.9713,63.5406,,,,346.15,346.15,,,
2026-10-17,Oct 26,17,31,0.032258,0.548387,219950.98,3739166.65,,,,635.429,10802.2935,,,,33.0952,562.6177,,,,13.2381,225.0471,,,,3.9713,67.5119,,,,346.15,346.15,,,
2026-10-18,Oct 26,18,31,0.032258,0.580645,219950.98,3959117.63,,,,635.429,11437.7226,,,,33.0952,595.7129,,,,13.2381,238.2852,,,,3.9713,71.4832,,,,346.15,346.15,,,
2026-10-19,Oct 26,19,31,0.032258,0.612903,219950.98,4179068.61,,,,635.429,12073.1516,,,,33.0952,628.8081,,,,13.2381,251.5232,,,,3.9713,75.4545,,,,346.15,346.15,,,
2026-10-20,Oct 26,20,31,0.032258,0.645161,219950.98,4399019.59,,,,635.429,12708.5806,,,,33.0952,661.9032,,,,13.2381,264.7613,,,,3.9713,79.4258,,,,346.15,346.15,,,
2026-10-21,Oct 26,21,31,0.032258,0.677419,219950.98,4618970.57,,,,635.429,13344.0097,,,,33.0952,694.9984,,,,13.2381,277.9994,,,,3.9713,83.3971,,,,346.15,346.15,,,
2026-10-22,Oct 26,22,31,0.032258,0.709677,219950.98,4838921.55,,,,635.429,13979.4387,,,,33.0952,728.0935,,,,13.2381,291.2374,,,,3.9713,87.3684,,,,346.15,346.15,,,
2026-10-23,Oct 26,23,31,0.032258,0.741935,219950.98,5058872.53,,,,635.429,14614.8677,,,,33.0952,761.1887,,,,13.2381,304.4755,,,,3.9713,91.3397,,,,346.15,346.15,,,
2026-10-24,Oct 26,24,31,0.032258,0.774194,219950.98,5278823.51,,,,635.429,15250.2968,,,,33.0952,794.2839,,,,13.2381,317.7135,,,,3.9713,95.311,,,,346.15,346.15,,,
2026-10-25,Oct 26,25,31,0.032258,0.806452,219950.98,5498774.49,,,,635.429,15885.7258,,,,33.0952,827.379,,,,13.2381,330.9516,,,,3.9713,99.2823,,,,346.15,346.15,,,
2026-10-26,Oct 26,26,31,0.032258,0.83871,219950.98,5718725.47,,,,635.429,16521.1548,,,,33.0952,860.4742,,,,13.2381,344.1897,,,,3.9713,103.2535,,,,346.15,346.15,,,
2026-10-27,Oct 26,27,31,0.032258,0.870968,219950.98,5938676.45,,,,635.429,17156.5839,,,,33.0952,893.5694,,,,13.2381,357.4277,,,,3.9713,107.2248,,,,346.15,346.15,,,
2026-10-28,Oct 26,28,31,0.032258,0.903226,219950.98,6158627.43,,,,635.429,17792.0129,,,,33.0952,926.6645,,,,13.2381,370.6658,,,,3.9713,111.1961,,,,346.15,346.15,,,
2026-10-29,Oct 26,29,31,0.032258,0.935484,219950.98,6378578.41,,,,635.429,18427.4419,,,,33.0952,959.7597,,,,13.2381,383.9039,,,,3.9713,115.1674,,,,346.15,346.15,,,
2026-10-30,Oct 26,30,31,0.032258,0.967742,219950.98,6598529.39,,,,635.429,19062.871,,,,33.0952,992.8548,,,,13.2381,397.1419,,,,3.9713,119.1387,,,,346.15,346.15,,,
2026-10-31,Oct 26,31,31,0.032258,1.0,219950.98,6818480.37,,,,635.429,19698.3,,,,33.0952,1025.95,,,,13.2381,410.38,,,,3.9713,123.11,,,,346.15,346.15,,,
